"participant.id","participant.code","participant.label","assigned_role","group.id","final.offer","final.stage","s1.p1_points","s1.p2_points","s2.p1_points","s2.p2_points","s3.p1_points","s3.p2_points","p1_discounted_points","p2_discounted_points","round_number","treatment","AI","Transfer","accept.stage1","accept.stage2","accept.stage3","accept.stage4"
1,"1mbbiopp","SUB01","P2",12,50,1,50,50,NA,NA,NA,NA,50,50,1,"T1",0,0,1,0,0,0
2,"dn2p4u55","SUB02","P1",7,50,1,50,50,NA,NA,NA,NA,50,50,1,"T1",0,0,1,0,0,0
3,"pxpnz9t4","SUB03","P1",12,50,1,50,50,NA,NA,NA,NA,50,50,1,"T1",0,0,1,0,0,0
4,"f0vz9i76","SUB04","P1",3,50,1,50,50,NA,NA,NA,NA,50,50,1,"T1",0,0,1,0,0,0
5,"bl2webs9","SUB05","P1",1,50,1,50,50,NA,NA,NA,NA,50,50,1,"T1",0,0,1,0,0,0
6,"ii6hl0lg","SUB08","P2",1,50,1,50,50,NA,NA,NA,NA,50,50,1,"T1",0,0,1,0,0,0
7,"v85u2gl4","SUB07","P2",7,50,1,50,50,NA,NA,NA,NA,50,50,1,"T1",0,0,1,0,0,0
8,"n611npof","SUB09","P1",5,45,1,55,45,NA,NA,NA,NA,55,45,1,"T1",0,0,1,0,0,0
9,"0vwq6zco","SUB10","P2",13,45,1,55,45,NA,NA,NA,NA,55,45,1,"T1",0,0,1,0,0,0
10,"502qb8y9","SUB11","P1",11,45,1,55,45,NA,NA,NA,NA,55,45,1,"T1",0,0,1,0,0,0
11,"hoosbwbd","SUB13","P1",9,50,1,50,50,NA,NA,NA,NA,50,50,1,"T1",0,0,1,0,0,0
12,"7y4r0mgk","SUB12","P1",13,45,1,55,45,NA,NA,NA,NA,55,45,1,"T1",0,0,1,0,0,0
13,"72kxcuck","SUB15","P1",10,40,1,60,40,NA,NA,NA,NA,60,40,1,"T1",0,0,1,0,0,0
14,"l9q500py","SUB14","P2",3,50,1,50,50,NA,NA,NA,NA,50,50,1,"T1",0,0,1,0,0,0
15,"2p0g017c","SUB16","P2",5,45,1,55,45,NA,NA,NA,NA,55,45,1,"T1",0,0,1,0,0,0
16,"0klbfy7w","SUB18","P1",6,40,1,60,40,NA,NA,NA,NA,60,40,1,"T1",0,0,1,0,0,0
17,"nrnoj6qg","SUB21","P2",2,45,1,55,45,NA,NA,NA,NA,55,45,1,"T1",0,0,1,0,0,0
18,"xxbh4lrv","SUB17","P1",2,45,1,55,45,NA,NA,NA,NA,55,45,1,"T1",0,0,1,0,0,0
20,"r33ctke4","SUB24","P2",4,50,1,50,50,NA,NA,NA,NA,50,50,1,"T1",0,0,1,0,0,0
21,"j24dnhl0","SUB22","P2",10,40,1,60,40,NA,NA,NA,NA,60,40,1,"T1",0,0,1,0,0,0
23,"p31wvp65","SUB19","P1",4,50,1,50,50,NA,NA,NA,NA,50,50,1,"T1",0,0,1,0,0,0
24,"eao94et7","SUB25","P2",6,40,1,60,40,NA,NA,NA,NA,60,40,1,"T1",0,0,1,0,0,0
25,"bumndept","SUB26","P2",11,45,1,55,45,NA,NA,NA,NA,55,45,1,"T1",0,0,1,0,0,0
26,"p510d7qp","SUB27","P2",9,50,1,50,50,NA,NA,NA,NA,50,50,1,"T1",0,0,1,0,0,0
1,"1mbbiopp","SUB01","P1",3,50,1,50,50,NA,NA,NA,NA,50,50,2,"T1",0,0,1,0,0,0
2,"dn2p4u55","SUB02","P2",11,40,1,60,40,NA,NA,NA,NA,60,40,2,"T1",0,0,1,0,0,0
3,"pxpnz9t4","SUB03","P1",4,55,1,45,55,NA,NA,NA,NA,45,55,2,"T1",0,0,1,0,0,0
4,"f0vz9i76","SUB04","P1",10,50,1,50,50,NA,NA,NA,NA,50,50,2,"T1",0,0,1,0,0,0
6,"ii6hl0lg","SUB08","P2",2,48,1,52,48,NA,NA,NA,NA,52,48,2,"T1",0,0,1,0,0,0
7,"v85u2gl4","SUB07","P1",5,41,1,59,41,NA,NA,NA,NA,59,41,2,"T1",0,0,1,0,0,0
8,"n611npof","SUB09","P2",9,50,1,50,50,NA,NA,NA,NA,50,50,2,"T1",0,0,1,0,0,0
9,"0vwq6zco","SUB10","P2",7,40,1,60,40,NA,NA,NA,NA,60,40,2,"T1",0,0,1,0,0,0
10,"502qb8y9","SUB11","P1",6,45,1,55,45,NA,NA,NA,NA,55,45,2,"T1",0,0,1,0,0,0
11,"hoosbwbd","SUB13","P1",9,50,1,50,50,NA,NA,NA,NA,50,50,2,"T1",0,0,1,0,0,0
12,"7y4r0mgk","SUB12","P2",6,45,1,55,45,NA,NA,NA,NA,55,45,2,"T1",0,0,1,0,0,0
13,"72kxcuck","SUB15","P2",3,50,1,50,50,NA,NA,NA,NA,50,50,2,"T1",0,0,1,0,0,0
14,"l9q500py","SUB14","P1",12,50,1,50,50,NA,NA,NA,NA,50,50,2,"T1",0,0,1,0,0,0
15,"2p0g017c","SUB16","P2",5,41,1,59,41,NA,NA,NA,NA,59,41,2,"T1",0,0,1,0,0,0
16,"0klbfy7w","SUB18","P1",11,40,1,60,40,NA,NA,NA,NA,60,40,2,"T1",0,0,1,0,0,0
17,"nrnoj6qg","SUB21","P2",12,50,1,50,50,NA,NA,NA,NA,50,50,2,"T1",0,0,1,0,0,0
18,"xxbh4lrv","SUB17","P2",8,70,1,30,70,NA,NA,NA,NA,30,70,2,"T1",0,0,1,0,0,0
19,"v2i3lbyw","SUB20","P2",4,55,1,45,55,NA,NA,NA,NA,45,55,2,"T1",0,0,1,0,0,0
20,"r33ctke4","SUB24","P1",2,48,1,52,48,NA,NA,NA,NA,52,48,2,"T1",0,0,1,0,0,0
22,"cmlex1p5","SUB23","P1",13,50,1,50,50,NA,NA,NA,NA,50,50,2,"T1",0,0,1,0,0,0
23,"p31wvp65","SUB19","P2",10,50,1,50,50,NA,NA,NA,NA,50,50,2,"T1",0,0,1,0,0,0
24,"eao94et7","SUB25","P1",7,40,1,60,40,NA,NA,NA,NA,60,40,2,"T1",0,0,1,0,0,0
25,"bumndept","SUB26","P2",13,50,1,50,50,NA,NA,NA,NA,50,50,2,"T1",0,0,1,0,0,0
26,"p510d7qp","SUB27","P1",8,70,1,30,70,NA,NA,NA,NA,30,70,2,"T1",0,0,1,0,0,0
1,"1mbbiopp","SUB01","P2",13,50,1,50,50,NA,NA,NA,NA,50,50,3,"T1",0,0,1,0,0,0
2,"dn2p4u55","SUB02","P2",8,40,1,60,40,NA,NA,NA,NA,60,40,3,"T1",0,0,1,0,0,0
3,"pxpnz9t4","SUB03","P1",10,55,1,45,55,NA,NA,NA,NA,45,55,3,"T1",0,0,1,0,0,0
4,"f0vz9i76","SUB04","P1",13,50,1,50,50,NA,NA,NA,NA,50,50,3,"T1",0,0,1,0,0,0
5,"bl2webs9","SUB05","P1",11,50,1,50,50,NA,NA,NA,NA,50,50,3,"T1",0,0,1,0,0,0
6,"ii6hl0lg","SUB08","P1",2,50,1,50,50,NA,NA,NA,NA,50,50,3,"T1",0,0,1,0,0,0
7,"v85u2gl4","SUB07","P2",4,50,1,50,50,NA,NA,NA,NA,50,50,3,"T1",0,0,1,0,0,0
8,"n611npof","SUB09","P2",6,35,1,65,35,NA,NA,NA,NA,65,35,3,"T1",0,0,1,0,0,0
9,"0vwq6zco","SUB10","P1",6,35,1,65,35,NA,NA,NA,NA,65,35,3,"T1",0,0,1,0,0,0
10,"502qb8y9","SUB11","P2",7,40,1,60,40,NA,NA,NA,NA,60,40,3,"T1",0,0,1,0,0,0
11,"hoosbwbd","SUB13","P1",3,50,1,50,50,NA,NA,NA,NA,50,50,3,"T1",0,0,1,0,0,0
12,"7y4r0mgk","SUB12","P1",1,43,1,57,43,NA,NA,NA,NA,57,43,3,"T1",0,0,1,0,0,0
14,"l9q500py","SUB14","P2",12,41,1,59,41,NA,NA,NA,NA,59,41,3,"T1",0,0,1,0,0,0
15,"2p0g017c","SUB16","P1",12,41,1,59,41,NA,NA,NA,NA,59,41,3,"T1",0,0,1,0,0,0
16,"0klbfy7w","SUB18","P2",11,50,1,50,50,NA,NA,NA,NA,50,50,3,"T1",0,0,1,0,0,0
17,"nrnoj6qg","SUB21","P1",5,50,1,50,50,NA,NA,NA,NA,50,50,3,"T1",0,0,1,0,0,0
18,"xxbh4lrv","SUB17","P1",7,40,1,60,40,NA,NA,NA,NA,60,40,3,"T1",0,0,1,0,0,0
20,"r33ctke4","SUB24","P2",5,50,1,50,50,NA,NA,NA,NA,50,50,3,"T1",0,0,1,0,0,0
21,"j24dnhl0","SUB22","P2",3,50,1,50,50,NA,NA,NA,NA,50,50,3,"T1",0,0,1,0,0,0
22,"cmlex1p5","SUB23","P2",1,43,1,57,43,NA,NA,NA,NA,57,43,3,"T1",0,0,1,0,0,0
23,"p31wvp65","SUB19","P2",2,50,1,50,50,NA,NA,NA,NA,50,50,3,"T1",0,0,1,0,0,0
24,"eao94et7","SUB25","P1",8,40,1,60,40,NA,NA,NA,NA,60,40,3,"T1",0,0,1,0,0,0
25,"bumndept","SUB26","P1",4,50,1,50,50,NA,NA,NA,NA,50,50,3,"T1",0,0,1,0,0,0
26,"p510d7qp","SUB27","P2",10,55,1,45,55,NA,NA,NA,NA,45,55,3,"T1",0,0,1,0,0,0
1,"1mbbiopp","SUB01","P2",2,50,1,50,50,NA,NA,NA,NA,50,50,4,"T1",0,0,1,0,0,0
2,"dn2p4u55","SUB02","P2",6,20,1,80,20,NA,NA,NA,NA,80,20,4,"T1",0,0,1,0,0,0
3,"pxpnz9t4","SUB03","P1",4,40,1,60,40,NA,NA,NA,NA,60,40,4,"T1",0,0,1,0,0,0
4,"f0vz9i76","SUB04","P2",13,47,1,53,47,NA,NA,NA,NA,53,47,4,"T1",0,0,1,0,0,0
5,"bl2webs9","SUB05","P1",12,50,1,50,50,NA,NA,NA,NA,50,50,4,"T1",0,0,1,0,0,0
6,"ii6hl0lg","SUB08","P1",2,50,1,50,50,NA,NA,NA,NA,50,50,4,"T1",0,0,1,0,0,0
7,"v85u2gl4","SUB07","P1",9,41,1,59,41,NA,NA,NA,NA,59,41,4,"T1",0,0,1,0,0,0
8,"n611npof","SUB09","P2",12,50,1,50,50,NA,NA,NA,NA,50,50,4,"T1",0,0,1,0,0,0
10,"502qb8y9","SUB11","P2",9,41,1,59,41,NA,NA,NA,NA,59,41,4,"T1",0,0,1,0,0,0
11,"hoosbwbd","SUB13","P1",3,50,1,50,50,NA,NA,NA,NA,50,50,4,"T1",0,0,1,0,0,0
12,"7y4r0mgk","SUB12","P1",5,42,1,58,42,NA,NA,NA,NA,58,42,4,"T1",0,0,1,0,0,0
14,"l9q500py","SUB14","P2",11,40,1,60,40,NA,NA,NA,NA,60,40,4,"T1",0,0,1,0,0,0
16,"0klbfy7w","SUB18","P1",11,40,1,60,40,NA,NA,NA,NA,60,40,4,"T1",0,0,1,0,0,0
17,"nrnoj6qg","SUB21","P2",7,50,1,50,50,NA,NA,NA,NA,50,50,4,"T1",0,0,1,0,0,0
18,"xxbh4lrv","SUB17","P2",3,50,1,50,50,NA,NA,NA,NA,50,50,4,"T1",0,0,1,0,0,0
19,"v2i3lbyw","SUB20","P1",6,20,1,80,20,NA,NA,NA,NA,80,20,4,"T1",0,0,1,0,0,0
20,"r33ctke4","SUB24","P1",13,47,1,53,47,NA,NA,NA,NA,53,47,4,"T1",0,0,1,0,0,0
21,"j24dnhl0","SUB22","P2",8,46,1,54,46,NA,NA,NA,NA,54,46,4,"T1",0,0,1,0,0,0
22,"cmlex1p5","SUB23","P1",8,46,1,54,46,NA,NA,NA,NA,54,46,4,"T1",0,0,1,0,0,0
23,"p31wvp65","SUB19","P1",7,50,1,50,50,NA,NA,NA,NA,50,50,4,"T1",0,0,1,0,0,0
25,"bumndept","SUB26","P2",5,42,1,58,42,NA,NA,NA,NA,58,42,4,"T1",0,0,1,0,0,0
26,"p510d7qp","SUB27","P2",4,40,1,60,40,NA,NA,NA,NA,60,40,4,"T1",0,0,1,0,0,0
1,"1mbbiopp","SUB01","P1",6,50,1,50,50,NA,NA,NA,NA,50,50,5,"T1",0,0,1,0,0,0
2,"dn2p4u55","SUB02","P2",4,35,1,65,35,NA,NA,NA,NA,65,35,5,"T1",0,0,1,0,0,0
3,"pxpnz9t4","SUB03","P1",10,40,1,60,40,NA,NA,NA,NA,60,40,5,"T1",0,0,1,0,0,0
4,"f0vz9i76","SUB04","P2",8,40,1,60,40,NA,NA,NA,NA,60,40,5,"T1",0,0,1,0,0,0
6,"ii6hl0lg","SUB08","P2",12,45,1,55,45,NA,NA,NA,NA,55,45,5,"T1",0,0,1,0,0,0
7,"v85u2gl4","SUB07","P1",2,35,1,65,35,NA,NA,NA,NA,65,35,5,"T1",0,0,1,0,0,0
8,"n611npof","SUB09","P2",5,40,1,60,40,NA,NA,NA,NA,60,40,5,"T1",0,0,1,0,0,0
9,"0vwq6zco","SUB10","P2",2,35,1,65,35,NA,NA,NA,NA,65,35,5,"T1",0,0,1,0,0,0
10,"502qb8y9","SUB11","P2",1,50,1,50,50,NA,NA,NA,NA,50,50,5,"T1",0,0,1,0,0,0
11,"hoosbwbd","SUB13","P1",3,50,1,50,50,NA,NA,NA,NA,50,50,5,"T1",0,0,1,0,0,0
12,"7y4r0mgk","SUB12","P2",7,45,1,55,45,NA,NA,NA,NA,55,45,5,"T1",0,0,1,0,0,0
14,"l9q500py","SUB14","P2",3,50,1,50,50,NA,NA,NA,NA,50,50,5,"T1",0,0,1,0,0,0
15,"2p0g017c","SUB16","P1",4,35,1,65,35,NA,NA,NA,NA,65,35,5,"T1",0,0,1,0,0,0
16,"0klbfy7w","SUB18","P1",8,40,1,60,40,NA,NA,NA,NA,60,40,5,"T1",0,0,1,0,0,0
17,"nrnoj6qg","SUB21","P1",1,50,1,50,50,NA,NA,NA,NA,50,50,5,"T1",0,0,1,0,0,0
18,"xxbh4lrv","SUB17","P1",12,45,1,55,45,NA,NA,NA,NA,55,45,5,"T1",0,0,1,0,0,0
20,"r33ctke4","SUB24","P1",7,45,1,55,45,NA,NA,NA,NA,55,45,5,"T1",0,0,1,0,0,0
21,"j24dnhl0","SUB22","P1",13,48,1,52,48,NA,NA,NA,NA,52,48,5,"T1",0,0,1,0,0,0
22,"cmlex1p5","SUB23","P1",5,40,1,60,40,NA,NA,NA,NA,60,40,5,"T1",0,0,1,0,0,0
23,"p31wvp65","SUB19","P2",13,48,1,52,48,NA,NA,NA,NA,52,48,5,"T1",0,0,1,0,0,0
24,"eao94et7","SUB25","P2",6,50,1,50,50,NA,NA,NA,NA,50,50,5,"T1",0,0,1,0,0,0
25,"bumndept","SUB26","P2",10,40,1,60,40,NA,NA,NA,NA,60,40,5,"T1",0,0,1,0,0,0
1,"1mbbiopp","SUB01","P1",5,50,1,50,50,NA,NA,NA,NA,50,50,6,"T1",0,0,1,0,0,0
2,"dn2p4u55","SUB02","P2",4,45,1,55,45,NA,NA,NA,NA,55,45,6,"T1",0,0,1,0,0,0
3,"pxpnz9t4","SUB03","P1",2,40,1,60,40,NA,NA,NA,NA,60,40,6,"T1",0,0,1,0,0,0
4,"f0vz9i76","SUB04","P1",8,45,1,55,45,NA,NA,NA,NA,55,45,6,"T1",0,0,1,0,0,0
5,"bl2webs9","SUB05","P2",11,43,1,57,43,NA,NA,NA,NA,57,43,6,"T1",0,0,1,0,0,0
6,"ii6hl0lg","SUB08","P1",7,50,1,50,50,NA,NA,NA,NA,50,50,6,"T1",0,0,1,0,0,0
8,"n611npof","SUB09","P1",3,45,1,55,45,NA,NA,NA,NA,55,45,6,"T1",0,0,1,0,0,0
9,"0vwq6zco","SUB10","P2",5,50,1,50,50,NA,NA,NA,NA,50,50,6,"T1",0,0,1,0,0,0
10,"502qb8y9","SUB11","P1",4,45,1,55,45,NA,NA,NA,NA,55,45,6,"T1",0,0,1,0,0,0
11,"hoosbwbd","SUB13","P2",1,40,1,60,40,NA,NA,NA,NA,60,40,6,"T1",0,0,1,0,0,0
12,"7y4r0mgk","SUB12","P1",9,60,1,40,60,NA,NA,NA,NA,40,60,6,"T1",0,0,1,0,0,0
13,"72kxcuck","SUB15","P2",7,50,1,50,50,NA,NA,NA,NA,50,50,6,"T1",0,0,1,0,0,0
14,"l9q500py","SUB14","P2",3,45,1,55,45,NA,NA,NA,NA,55,45,6,"T1",0,0,1,0,0,0
15,"2p0g017c","SUB16","P1",13,30,1,70,30,NA,NA,NA,NA,70,30,6,"T1",0,0,1,0,0,0
16,"0klbfy7w","SUB18","P1",1,40,1,60,40,NA,NA,NA,NA,60,40,6,"T1",0,0,1,0,0,0
17,"nrnoj6qg","SUB21","P1",6,50,1,50,50,NA,NA,NA,NA,50,50,6,"T1",0,0,1,0,0,0
18,"xxbh4lrv","SUB17","P2",9,60,1,40,60,NA,NA,NA,NA,40,60,6,"T1",0,0,1,0,0,0
19,"v2i3lbyw","SUB20","P2",10,30,1,70,30,NA,NA,NA,NA,70,30,6,"T1",0,0,1,0,0,0
21,"j24dnhl0","SUB22","P2",2,40,1,60,40,NA,NA,NA,NA,60,40,6,"T1",0,0,1,0,0,0
22,"cmlex1p5","SUB23","P1",11,43,1,57,43,NA,NA,NA,NA,57,43,6,"T1",0,0,1,0,0,0
23,"p31wvp65","SUB19","P2",6,50,1,50,50,NA,NA,NA,NA,50,50,6,"T1",0,0,1,0,0,0
24,"eao94et7","SUB25","P2",13,30,1,70,30,NA,NA,NA,NA,70,30,6,"T1",0,0,1,0,0,0
25,"bumndept","SUB26","P2",8,45,1,55,45,NA,NA,NA,NA,55,45,6,"T1",0,0,1,0,0,0
26,"p510d7qp","SUB27","P1",10,30,1,70,30,NA,NA,NA,NA,70,30,6,"T1",0,0,1,0,0,0
1,"1mbbiopp","SUB01","P1",12,50,1,50,50,NA,NA,NA,NA,50,50,7,"T1",0,0,1,0,0,0
2,"dn2p4u55","SUB02","P2",1,30,1,70,30,NA,NA,NA,NA,70,30,7,"T1",0,0,1,0,0,0
3,"pxpnz9t4","SUB03","P2",7,40,1,60,40,NA,NA,NA,NA,60,40,7,"T1",0,0,1,0,0,0
5,"bl2webs9","SUB05","P2",12,50,1,50,50,NA,NA,NA,NA,50,50,7,"T1",0,0,1,0,0,0
6,"ii6hl0lg","SUB08","P1",8,50,1,50,50,NA,NA,NA,NA,50,50,7,"T1",0,0,1,0,0,0
7,"v85u2gl4","SUB07","P1",6,35,1,65,35,NA,NA,NA,NA,65,35,7,"T1",0,0,1,0,0,0
8,"n611npof","SUB09","P2",9,50,1,50,50,NA,NA,NA,NA,50,50,7,"T1",0,0,1,0,0,0
9,"0vwq6zco","SUB10","P1",4,35,1,65,35,NA,NA,NA,NA,65,35,7,"T1",0,0,1,0,0,0
10,"502qb8y9","SUB11","P2",11,42,1,58,42,NA,NA,NA,NA,58,42,7,"T1",0,0,1,0,0,0
11,"hoosbwbd","SUB13","P2",13,50,1,50,50,NA,NA,NA,NA,50,50,7,"T1",0,0,1,0,0,0
12,"7y4r0mgk","SUB12","P2",5,65,1,35,65,NA,NA,NA,NA,35,65,7,"T1",0,0,1,0,0,0
13,"72kxcuck","SUB15","P2",8,50,1,50,50,NA,NA,NA,NA,50,50,7,"T1",0,0,1,0,0,0
14,"l9q500py","SUB14","P1",11,42,1,58,42,NA,NA,NA,NA,58,42,7,"T1",0,0,1,0,0,0
15,"2p0g017c","SUB16","P2",10,43,1,57,43,NA,NA,NA,NA,57,43,7,"T1",0,0,1,0,0,0
16,"0klbfy7w","SUB18","P2",4,35,1,65,35,NA,NA,NA,NA,65,35,7,"T1",0,0,1,0,0,0
17,"nrnoj6qg","SUB21","P1",9,50,1,50,50,NA,NA,NA,NA,50,50,7,"T1",0,0,1,0,0,0
18,"xxbh4lrv","SUB17","P2",2,40,1,60,40,NA,NA,NA,NA,60,40,7,"T1",0,0,1,0,0,0
20,"r33ctke4","SUB24","P1",10,43,1,57,43,NA,NA,NA,NA,57,43,7,"T1",0,0,1,0,0,0
21,"j24dnhl0","SUB22","P1",2,40,1,60,40,NA,NA,NA,NA,60,40,7,"T1",0,0,1,0,0,0
22,"cmlex1p5","SUB23","P1",7,40,1,60,40,NA,NA,NA,NA,60,40,7,"T1",0,0,1,0,0,0
23,"p31wvp65","SUB19","P1",13,50,1,50,50,NA,NA,NA,NA,50,50,7,"T1",0,0,1,0,0,0
24,"eao94et7","SUB25","P1",5,65,1,35,65,NA,NA,NA,NA,35,65,7,"T1",0,0,1,0,0,0
25,"bumndept","SUB26","P2",6,35,1,65,35,NA,NA,NA,NA,65,35,7,"T1",0,0,1,0,0,0
26,"p510d7qp","SUB27","P1",1,30,1,70,30,NA,NA,NA,NA,70,30,7,"T1",0,0,1,0,0,0
1,"1mbbiopp","SUB01","P1",5,50,1,50,50,NA,NA,NA,NA,50,50,8,"T1",0,0,1,0,0,0
2,"dn2p4u55","SUB02","P2",13,28,1,72,28,NA,NA,NA,NA,72,28,8,"T1",0,0,1,0,0,0
3,"pxpnz9t4","SUB03","P2",5,50,1,50,50,NA,NA,NA,NA,50,50,8,"T1",0,0,1,0,0,0
4,"f0vz9i76","SUB04","P2",8,35,1,65,35,NA,NA,NA,NA,65,35,8,"T1",0,0,1,0,0,0
5,"bl2webs9","SUB05","P1",9,50,1,50,50,NA,NA,NA,NA,50,50,8,"T1",0,0,1,0,0,0
6,"ii6hl0lg","SUB08","P2",1,50,1,50,50,NA,NA,NA,NA,50,50,8,"T1",0,0,1,0,0,0
7,"v85u2gl4","SUB07","P2",12,50,1,50,50,NA,NA,NA,NA,50,50,8,"T1",0,0,1,0,0,0
8,"n611npof","SUB09","P1",1,50,1,50,50,NA,NA,NA,NA,50,50,8,"T1",0,0,1,0,0,0
9,"0vwq6zco","SUB10","P1",8,35,1,65,35,NA,NA,NA,NA,65,35,8,"T1",0,0,1,0,0,0
10,"502qb8y9","SUB11","P2",4,65,1,35,65,NA,NA,NA,NA,35,65,8,"T1",0,0,1,0,0,0
11,"hoosbwbd","SUB13","P2",10,40,1,60,40,NA,NA,NA,NA,60,40,8,"T1",0,0,1,0,0,0
14,"l9q500py","SUB14","P1",7,42,1,58,42,NA,NA,NA,NA,58,42,8,"T1",0,0,1,0,0,0
15,"2p0g017c","SUB16","P1",13,28,1,72,28,NA,NA,NA,NA,72,28,8,"T1",0,0,1,0,0,0
16,"0klbfy7w","SUB18","P1",6,40,1,60,40,NA,NA,NA,NA,60,40,8,"T1",0,0,1,0,0,0
17,"nrnoj6qg","SUB21","P1",12,50,1,50,50,NA,NA,NA,NA,50,50,8,"T1",0,0,1,0,0,0
18,"xxbh4lrv","SUB17","P2",11,25,1,75,25,NA,NA,NA,NA,75,25,8,"T1",0,0,1,0,0,0
19,"v2i3lbyw","SUB20","P1",11,25,1,75,25,NA,NA,NA,NA,75,25,8,"T1",0,0,1,0,0,0
20,"r33ctke4","SUB24","P2",9,50,1,50,50,NA,NA,NA,NA,50,50,8,"T1",0,0,1,0,0,0
21,"j24dnhl0","SUB22","P1",10,40,1,60,40,NA,NA,NA,NA,60,40,8,"T1",0,0,1,0,0,0
23,"p31wvp65","SUB19","P2",7,42,1,58,42,NA,NA,NA,NA,58,42,8,"T1",0,0,1,0,0,0
24,"eao94et7","SUB25","P1",4,65,1,35,65,NA,NA,NA,NA,35,65,8,"T1",0,0,1,0,0,0
25,"bumndept","SUB26","P2",6,40,1,60,40,NA,NA,NA,NA,60,40,8,"T1",0,0,1,0,0,0
1,"1mbbiopp","SUB01","P1",1,50,1,50,50,NA,NA,NA,NA,50,50,9,"T1",0,0,1,0,0,0
2,"dn2p4u55","SUB02","P1",12,30,1,70,30,NA,NA,NA,NA,70,30,9,"T1",0,0,1,0,0,0
3,"pxpnz9t4","SUB03","P2",8,35,1,65,35,NA,NA,NA,NA,65,35,9,"T1",0,0,1,0,0,0
4,"f0vz9i76","SUB04","P1",3,40,1,60,40,NA,NA,NA,NA,60,40,9,"T1",0,0,1,0,0,0
5,"bl2webs9","SUB05","P1",4,50,1,50,50,NA,NA,NA,NA,50,50,9,"T1",0,0,1,0,0,0
6,"ii6hl0lg","SUB08","P2",7,42,1,58,42,NA,NA,NA,NA,58,42,9,"T1",0,0,1,0,0,0
7,"v85u2gl4","SUB07","P1",8,35,1,65,35,NA,NA,NA,NA,65,35,9,"T1",0,0,1,0,0,0
8,"n611npof","SUB09","P2",1,50,1,50,50,NA,NA,NA,NA,50,50,9,"T1",0,0,1,0,0,0
9,"0vwq6zco","SUB10","P2",3,40,1,60,40,NA,NA,NA,NA,60,40,9,"T1",0,0,1,0,0,0
10,"502qb8y9","SUB11","P1",9,50,1,50,50,NA,NA,NA,NA,50,50,9,"T1",0,0,1,0,0,0
11,"hoosbwbd","SUB13","P1",11,50,1,50,50,NA,NA,NA,NA,50,50,9,"T1",0,0,1,0,0,0
12,"7y4r0mgk","SUB12","P2",9,50,1,50,50,NA,NA,NA,NA,50,50,9,"T1",0,0,1,0,0,0
14,"l9q500py","SUB14","P1",7,42,1,58,42,NA,NA,NA,NA,58,42,9,"T1",0,0,1,0,0,0
16,"0klbfy7w","SUB18","P1",5,40,1,60,40,NA,NA,NA,NA,60,40,9,"T1",0,0,1,0,0,0
17,"nrnoj6qg","SUB21","P2",11,50,1,50,50,NA,NA,NA,NA,50,50,9,"T1",0,0,1,0,0,0
18,"xxbh4lrv","SUB17","P2",12,30,1,70,30,NA,NA,NA,NA,70,30,9,"T1",0,0,1,0,0,0
19,"v2i3lbyw","SUB20","P2",4,50,1,50,50,NA,NA,NA,NA,50,50,9,"T1",0,0,1,0,0,0
20,"r33ctke4","SUB24","P1",10,40,1,60,40,NA,NA,NA,NA,60,40,9,"T1",0,0,1,0,0,0
21,"j24dnhl0","SUB22","P2",10,40,1,60,40,NA,NA,NA,NA,60,40,9,"T1",0,0,1,0,0,0
23,"p31wvp65","SUB19","P1",6,50,1,50,50,NA,NA,NA,NA,50,50,9,"T1",0,0,1,0,0,0
24,"eao94et7","SUB25","P2",6,50,1,50,50,NA,NA,NA,NA,50,50,9,"T1",0,0,1,0,0,0
25,"bumndept","SUB26","P2",5,40,1,60,40,NA,NA,NA,NA,60,40,9,"T1",0,0,1,0,0,0
1,"1mbbiopp","SUB01","P1",7,50,1,50,50,NA,NA,NA,NA,50,50,10,"T1",0,0,1,0,0,0
2,"dn2p4u55","SUB02","P2",3,35,1,65,35,NA,NA,NA,NA,65,35,10,"T1",0,0,1,0,0,0
3,"pxpnz9t4","SUB03","P2",13,25,1,75,25,NA,NA,NA,NA,75,25,10,"T1",0,0,1,0,0,0
4,"f0vz9i76","SUB04","P1",10,40,1,60,40,NA,NA,NA,NA,60,40,10,"T1",0,0,1,0,0,0
5,"bl2webs9","SUB05","P2",7,50,1,50,50,NA,NA,NA,NA,50,50,10,"T1",0,0,1,0,0,0
6,"ii6hl0lg","SUB08","P2",2,50,1,50,50,NA,NA,NA,NA,50,50,10,"T1",0,0,1,0,0,0
7,"v85u2gl4","SUB07","P1",5,35,1,65,35,NA,NA,NA,NA,65,35,10,"T1",0,0,1,0,0,0
8,"n611npof","SUB09","P1",6,50,1,50,50,NA,NA,NA,NA,50,50,10,"T1",0,0,1,0,0,0
9,"0vwq6zco","SUB10","P2",5,35,1,65,35,NA,NA,NA,NA,65,35,10,"T1",0,0,1,0,0,0
10,"502qb8y9","SUB11","P1",11,50,1,50,50,NA,NA,NA,NA,50,50,10,"T1",0,0,1,0,0,0
11,"hoosbwbd","SUB13","P1",2,50,1,50,50,NA,NA,NA,NA,50,50,10,"T1",0,0,1,0,0,0
12,"7y4r0mgk","SUB12","P1",9,43,1,57,43,NA,NA,NA,NA,57,43,10,"T1",0,0,1,0,0,0
13,"72kxcuck","SUB15","P1",8,50,1,50,50,NA,NA,NA,NA,50,50,10,"T1",0,0,1,0,0,0
14,"l9q500py","SUB14","P1",12,50,1,50,50,NA,NA,NA,NA,50,50,10,"T1",0,0,1,0,0,0
15,"2p0g017c","SUB16","P2",9,43,1,57,43,NA,NA,NA,NA,57,43,10,"T1",0,0,1,0,0,0
16,"0klbfy7w","SUB18","P2",11,50,1,50,50,NA,NA,NA,NA,50,50,10,"T1",0,0,1,0,0,0
17,"nrnoj6qg","SUB21","P2",6,50,1,50,50,NA,NA,NA,NA,50,50,10,"T1",0,0,1,0,0,0
18,"xxbh4lrv","SUB17","P1",3,35,1,65,35,NA,NA,NA,NA,65,35,10,"T1",0,0,1,0,0,0
19,"v2i3lbyw","SUB20","P1",13,25,1,75,25,NA,NA,NA,NA,75,25,10,"T1",0,0,1,0,0,0
20,"r33ctke4","SUB24","P2",8,50,1,50,50,NA,NA,NA,NA,50,50,10,"T1",0,0,1,0,0,0
21,"j24dnhl0","SUB22","P2",10,40,1,60,40,NA,NA,NA,NA,60,40,10,"T1",0,0,1,0,0,0
22,"cmlex1p5","SUB23","P1",1,50,1,50,50,NA,NA,NA,NA,50,50,10,"T1",0,0,1,0,0,0
23,"p31wvp65","SUB19","P2",1,50,1,50,50,NA,NA,NA,NA,50,50,10,"T1",0,0,1,0,0,0
24,"eao94et7","SUB25","P2",4,30,1,70,30,NA,NA,NA,NA,70,30,10,"T1",0,0,1,0,0,0
25,"bumndept","SUB26","P2",12,50,1,50,50,NA,NA,NA,NA,50,50,10,"T1",0,0,1,0,0,0
26,"p510d7qp","SUB27","P1",4,30,1,70,30,NA,NA,NA,NA,70,30,10,"T1",0,0,1,0,0,0
5,"bl2webs9","SUB05","P2",1,40,2,60,40,40,60,NA,NA,24,24,2,"T1",0,0,0,1,0,0
21,"j24dnhl0","SUB22","P1",1,40,2,60,40,40,60,NA,NA,24,24,2,"T1",0,0,0,1,0,0
13,"72kxcuck","SUB15","P2",9,40,2,75,25,40,60,NA,NA,24,24,3,"T1",0,0,0,1,0,0
19,"v2i3lbyw","SUB20","P1",9,40,2,75,25,40,60,NA,NA,24,24,3,"T1",0,0,0,1,0,0
7,"v85u2gl4","SUB07","P1",12,40,2,70,30,40,60,NA,NA,24,24,6,"T1",0,0,0,1,0,0
20,"r33ctke4","SUB24","P2",12,40,2,70,30,40,60,NA,NA,24,24,6,"T1",0,0,0,1,0,0
12,"7y4r0mgk","SUB12","P1",2,40,2,60,40,40,60,NA,NA,24,24,8,"T1",0,0,0,1,0,0
13,"72kxcuck","SUB15","P2",2,40,2,60,40,40,60,NA,NA,24,24,8,"T1",0,0,0,1,0,0
9,"0vwq6zco","SUB10","P1",10,60,3,70,30,35,65,40,60,14.4,9.6,4,"T1",0,0,0,0,1,0
13,"72kxcuck","SUB15","P2",10,60,3,70,30,35,65,40,60,14.4,9.6,4,"T1",0,0,0,0,1,0
15,"2p0g017c","SUB16","P2",1,7,3,60,40,0,100,93,7,33.48,1.12,4,"T1",0,0,0,0,1,0
24,"eao94et7","SUB25","P1",1,7,3,60,40,0,100,93,7,33.48,1.12,4,"T1",0,0,0,0,1,0
5,"bl2webs9","SUB05","P2",11,90,3,70,30,30,70,10,90,3.6,14.4,5,"T1",0,0,0,0,1,0
26,"p510d7qp","SUB27","P1",11,90,3,70,30,30,70,10,90,3.6,14.4,5,"T1",0,0,0,0,1,0
19,"v2i3lbyw","SUB20","P1",8,20,4,80,20,35,65,80,20,0,0,1,"T1",0,0,0,0,0,1
22,"cmlex1p5","SUB23","P2",8,20,4,80,20,35,65,80,20,0,0,1,"T1",0,0,0,0,0,1
13,"72kxcuck","SUB15","P2",9,1,4,80,20,38,62,99,1,0,0,5,"T1",0,0,0,0,0,1
19,"v2i3lbyw","SUB20","P1",9,1,4,80,20,38,62,99,1,0,0,5,"T1",0,0,0,0,0,1
4,"f0vz9i76","SUB04","P2",3,10,4,75,25,30,70,90,10,0,0,7,"T1",0,0,0,0,0,1
19,"v2i3lbyw","SUB20","P1",3,10,4,75,25,30,70,90,10,0,0,7,"T1",0,0,0,0,0,1
22,"cmlex1p5","SUB23","P2",3,1,4,79,21,40,60,99,1,0,0,8,"T1",0,0,0,0,0,1
26,"p510d7qp","SUB27","P1",3,1,4,79,21,40,60,99,1,0,0,8,"T1",0,0,0,0,0,1
13,"72kxcuck","SUB15","P2",13,0,4,73,27,40,60,100,0,0,0,9,"T1",0,0,0,0,0,1
15,"2p0g017c","SUB16","P1",13,0,4,73,27,40,60,100,0,0,0,9,"T1",0,0,0,0,0,1
22,"cmlex1p5","SUB23","P2",2,10,4,69,31,40,60,90,10,0,0,9,"T1",0,0,0,0,0,1
26,"p510d7qp","SUB27","P1",2,10,4,69,31,40,60,90,10,0,0,9,"T1",0,0,0,0,0,1
1,"qgj4ans2","SUB01","P2",1,30,1,70,30,NA,NA,NA,NA,70,30,1,"T2",1,1,1,0,0,0
2,"y6vt5nki","SUB02","P2",2,40,1,60,40,NA,NA,NA,NA,60,40,1,"T2",1,1,1,0,0,0
3,"7kjwc9qf","SUB03","P2",3,50,1,50,50,NA,NA,NA,NA,50,50,1,"T2",1,1,1,0,0,0
4,"prnf850t","SUB04","P1",4,40,1,60,40,NA,NA,NA,NA,60,40,1,"T2",1,1,1,0,0,0
5,"b8qh05ti","SUB08","P2",5,50,1,50,50,NA,NA,NA,NA,50,50,1,"T2",1,1,1,0,0,0
6,"fxxtcili","SUB05","P1",6,40,1,60,40,NA,NA,NA,NA,60,40,1,"T2",1,1,1,0,0,0
7,"ha6kapux","SUB07","P2",7,40,1,60,40,NA,NA,NA,NA,60,40,1,"T2",1,1,1,0,0,0
9,"o8bxqfyl","SUB11","P2",9,50,1,50,50,NA,NA,NA,NA,50,50,1,"T2",1,1,1,0,0,0
10,"lljzay9s","SUB09","P1",10,60,1,40,60,NA,NA,NA,NA,40,60,1,"T2",1,1,1,0,0,0
13,"sno2xyi9","SUB14","P1",13,40,1,60,40,NA,NA,NA,NA,60,40,1,"T2",1,1,1,0,0,0
15,"1wizmznv","SUB17","P2",15,40,1,60,40,NA,NA,NA,NA,60,40,1,"T2",1,1,1,0,0,0
17,"uzhuss2s","SUB18","P2",17,40,1,60,40,NA,NA,NA,NA,60,40,1,"T2",1,1,1,0,0,0
19,"jfk37j88","SUB20","P2",19,40,1,60,40,NA,NA,NA,NA,60,40,1,"T2",1,1,1,0,0,0
20,"3101cn8m","SUB22","P2",20,50,1,50,50,NA,NA,NA,NA,50,50,1,"T2",1,1,1,0,0,0
21,"irl2zno9","SUB21","P2",21,40,1,60,40,NA,NA,NA,NA,60,40,1,"T2",1,1,1,0,0,0
24,"x0yd06i5","SUB25","P2",24,50,1,50,50,NA,NA,NA,NA,50,50,1,"T2",1,1,1,0,0,0
25,"tfqxsoxe","SUB26","P1",25,60,1,40,60,NA,NA,NA,NA,40,60,1,"T2",1,1,1,0,0,0
2,"y6vt5nki","SUB02","P2",2,50,1,50,50,NA,NA,NA,NA,50,50,2,"T2",1,1,1,0,0,0
3,"7kjwc9qf","SUB03","P1",3,50,1,50,50,NA,NA,NA,NA,50,50,2,"T2",1,1,1,0,0,0
4,"prnf850t","SUB04","P1",4,35,1,65,35,NA,NA,NA,NA,65,35,2,"T2",1,1,1,0,0,0
5,"b8qh05ti","SUB08","P2",5,35,1,65,35,NA,NA,NA,NA,65,35,2,"T2",1,1,1,0,0,0
7,"ha6kapux","SUB07","P2",7,40,1,60,40,NA,NA,NA,NA,60,40,2,"T2",1,1,1,0,0,0
8,"8s4s3qgl","SUB10","P1",8,50,1,50,50,NA,NA,NA,NA,50,50,2,"T2",1,1,1,0,0,0
9,"o8bxqfyl","SUB11","P1",9,42,1,58,42,NA,NA,NA,NA,58,42,2,"T2",1,1,1,0,0,0
10,"lljzay9s","SUB09","P2",10,50,1,50,50,NA,NA,NA,NA,50,50,2,"T2",1,1,1,0,0,0
12,"gkbczgor","SUB12","P2",12,40,1,60,40,NA,NA,NA,NA,60,40,2,"T2",1,1,1,0,0,0
13,"sno2xyi9","SUB14","P2",13,50,1,50,50,NA,NA,NA,NA,50,50,2,"T2",1,1,1,0,0,0
14,"tmb79jpn","SUB15","P2",14,40,1,60,40,NA,NA,NA,NA,60,40,2,"T2",1,1,1,0,0,0
16,"q2py44sj","SUB16","P2",16,50,1,50,50,NA,NA,NA,NA,50,50,2,"T2",1,1,1,0,0,0
18,"z06q3y0q","SUB19","P2",18,50,1,50,50,NA,NA,NA,NA,50,50,2,"T2",1,1,1,0,0,0
19,"jfk37j88","SUB20","P2",19,40,1,60,40,NA,NA,NA,NA,60,40,2,"T2",1,1,1,0,0,0
20,"3101cn8m","SUB22","P1",20,50,1,50,50,NA,NA,NA,NA,50,50,2,"T2",1,1,1,0,0,0
23,"n7uygjoj","SUB24","P1",23,55,1,45,55,NA,NA,NA,NA,45,55,2,"T2",1,1,1,0,0,0
25,"tfqxsoxe","SUB26","P1",25,40,1,60,40,NA,NA,NA,NA,60,40,2,"T2",1,1,1,0,0,0
26,"0yx3c7qf","SUB27","P2",26,40,1,60,40,NA,NA,NA,NA,60,40,2,"T2",1,1,1,0,0,0
1,"qgj4ans2","SUB01","P1",1,50,1,50,50,NA,NA,NA,NA,50,50,3,"T2",1,1,1,0,0,0
2,"y6vt5nki","SUB02","P2",2,50,1,50,50,NA,NA,NA,NA,50,50,3,"T2",1,1,1,0,0,0
4,"prnf850t","SUB04","P2",4,40,1,60,40,NA,NA,NA,NA,60,40,3,"T2",1,1,1,0,0,0
6,"fxxtcili","SUB05","P2",6,40,1,60,40,NA,NA,NA,NA,60,40,3,"T2",1,1,1,0,0,0
7,"ha6kapux","SUB07","P1",7,17,1,83,17,NA,NA,NA,NA,83,17,3,"T2",1,1,1,0,0,0
10,"lljzay9s","SUB09","P2",10,50,1,50,50,NA,NA,NA,NA,50,50,3,"T2",1,1,1,0,0,0
12,"gkbczgor","SUB12","P2",12,50,1,50,50,NA,NA,NA,NA,50,50,3,"T2",1,1,1,0,0,0
13,"sno2xyi9","SUB14","P2",13,50,1,50,50,NA,NA,NA,NA,50,50,3,"T2",1,1,1,0,0,0
15,"1wizmznv","SUB17","P2",15,40,1,60,40,NA,NA,NA,NA,60,40,3,"T2",1,1,1,0,0,0
16,"q2py44sj","SUB16","P2",16,40,1,60,40,NA,NA,NA,NA,60,40,3,"T2",1,1,1,0,0,0
17,"uzhuss2s","SUB18","P1",17,50,1,50,50,NA,NA,NA,NA,50,50,3,"T2",1,1,1,0,0,0
18,"z06q3y0q","SUB19","P1",18,50,1,50,50,NA,NA,NA,NA,50,50,3,"T2",1,1,1,0,0,0
19,"jfk37j88","SUB20","P2",19,40,1,60,40,NA,NA,NA,NA,60,40,3,"T2",1,1,1,0,0,0
23,"n7uygjoj","SUB24","P2",23,40,1,60,40,NA,NA,NA,NA,60,40,3,"T2",1,1,1,0,0,0
24,"x0yd06i5","SUB25","P1",24,50,1,50,50,NA,NA,NA,NA,50,50,3,"T2",1,1,1,0,0,0
25,"tfqxsoxe","SUB26","P2",25,50,1,50,50,NA,NA,NA,NA,50,50,3,"T2",1,1,1,0,0,0
26,"0yx3c7qf","SUB27","P2",26,25,1,75,25,NA,NA,NA,NA,75,25,3,"T2",1,1,1,0,0,0
2,"y6vt5nki","SUB02","P2",2,30,1,70,30,NA,NA,NA,NA,70,30,4,"T2",1,1,1,0,0,0
3,"7kjwc9qf","SUB03","P2",3,40,1,60,40,NA,NA,NA,NA,60,40,4,"T2",1,1,1,0,0,0
4,"prnf850t","SUB04","P1",4,32,1,68,32,NA,NA,NA,NA,68,32,4,"T2",1,1,1,0,0,0
6,"fxxtcili","SUB05","P1",6,40,1,60,40,NA,NA,NA,NA,60,40,4,"T2",1,1,1,0,0,0
7,"ha6kapux","SUB07","P2",7,40,1,60,40,NA,NA,NA,NA,60,40,4,"T2",1,1,1,0,0,0
10,"lljzay9s","SUB09","P2",10,40,1,60,40,NA,NA,NA,NA,60,40,4,"T2",1,1,1,0,0,0
11,"q6l3ja4i","SUB13","P1",11,45,1,55,45,NA,NA,NA,NA,55,45,4,"T2",1,1,1,0,0,0
12,"gkbczgor","SUB12","P2",12,50,1,50,50,NA,NA,NA,NA,50,50,4,"T2",1,1,1,0,0,0
14,"tmb79jpn","SUB15","P2",14,30,1,70,30,NA,NA,NA,NA,70,30,4,"T2",1,1,1,0,0,0
16,"q2py44sj","SUB16","P2",16,40,1,60,40,NA,NA,NA,NA,60,40,4,"T2",1,1,1,0,0,0
17,"uzhuss2s","SUB18","P1",17,50,1,50,50,NA,NA,NA,NA,50,50,4,"T2",1,1,1,0,0,0
18,"z06q3y0q","SUB19","P2",18,50,1,50,50,NA,NA,NA,NA,50,50,4,"T2",1,1,1,0,0,0
20,"3101cn8m","SUB22","P2",20,40,1,60,40,NA,NA,NA,NA,60,40,4,"T2",1,1,1,0,0,0
21,"irl2zno9","SUB21","P2",21,40,1,60,40,NA,NA,NA,NA,60,40,4,"T2",1,1,1,0,0,0
23,"n7uygjoj","SUB24","P1",23,54,1,46,54,NA,NA,NA,NA,46,54,4,"T2",1,1,1,0,0,0
1,"qgj4ans2","SUB01","P2",1,40,1,60,40,NA,NA,NA,NA,60,40,5,"T2",1,1,1,0,0,0
2,"y6vt5nki","SUB02","P2",2,40,1,60,40,NA,NA,NA,NA,60,40,5,"T2",1,1,1,0,0,0
4,"prnf850t","SUB04","P2",4,40,1,60,40,NA,NA,NA,NA,60,40,5,"T2",1,1,1,0,0,0
6,"fxxtcili","SUB05","P1",6,40,1,60,40,NA,NA,NA,NA,60,40,5,"T2",1,1,1,0,0,0
7,"ha6kapux","SUB07","P1",7,17,1,83,17,NA,NA,NA,NA,83,17,5,"T2",1,1,1,0,0,0
8,"8s4s3qgl","SUB10","P2",8,50,1,50,50,NA,NA,NA,NA,50,50,5,"T2",1,1,1,0,0,0
9,"o8bxqfyl","SUB11","P1",9,48,1,52,48,NA,NA,NA,NA,52,48,5,"T2",1,1,1,0,0,0
10,"lljzay9s","SUB09","P2",10,50,1,50,50,NA,NA,NA,NA,50,50,5,"T2",1,1,1,0,0,0
12,"gkbczgor","SUB12","P1",12,50,1,50,50,NA,NA,NA,NA,50,50,5,"T2",1,1,1,0,0,0
13,"sno2xyi9","SUB14","P2",13,40,1,60,40,NA,NA,NA,NA,60,40,5,"T2",1,1,1,0,0,0
14,"tmb79jpn","SUB15","P2",14,40,1,60,40,NA,NA,NA,NA,60,40,5,"T2",1,1,1,0,0,0
15,"1wizmznv","SUB17","P2",15,50,1,50,50,NA,NA,NA,NA,50,50,5,"T2",1,1,1,0,0,0
17,"uzhuss2s","SUB18","P1",17,50,1,50,50,NA,NA,NA,NA,50,50,5,"T2",1,1,1,0,0,0
19,"jfk37j88","SUB20","P2",19,30,1,70,30,NA,NA,NA,NA,70,30,5,"T2",1,1,1,0,0,0
20,"3101cn8m","SUB22","P2",20,40,1,60,40,NA,NA,NA,NA,60,40,5,"T2",1,1,1,0,0,0
22,"3q80v4zt","SUB23","P2",22,30,1,70,30,NA,NA,NA,NA,70,30,5,"T2",1,1,1,0,0,0
23,"n7uygjoj","SUB24","P1",23,53,1,47,53,NA,NA,NA,NA,47,53,5,"T2",1,1,1,0,0,0
24,"x0yd06i5","SUB25","P1",24,50,1,50,50,NA,NA,NA,NA,50,50,5,"T2",1,1,1,0,0,0
25,"tfqxsoxe","SUB26","P2",25,40,1,60,40,NA,NA,NA,NA,60,40,5,"T2",1,1,1,0,0,0
1,"qgj4ans2","SUB01","P1",1,55,1,45,55,NA,NA,NA,NA,45,55,6,"T2",1,1,1,0,0,0
2,"y6vt5nki","SUB02","P2",2,40,1,60,40,NA,NA,NA,NA,60,40,6,"T2",1,1,1,0,0,0
8,"8s4s3qgl","SUB10","P1",8,50,1,50,50,NA,NA,NA,NA,50,50,6,"T2",1,1,1,0,0,0
12,"gkbczgor","SUB12","P2",12,40,1,60,40,NA,NA,NA,NA,60,40,6,"T2",1,1,1,0,0,0
13,"sno2xyi9","SUB14","P1",13,50,1,50,50,NA,NA,NA,NA,50,50,6,"T2",1,1,1,0,0,0
14,"tmb79jpn","SUB15","P2",14,40,1,60,40,NA,NA,NA,NA,60,40,6,"T2",1,1,1,0,0,0
15,"1wizmznv","SUB17","P1",15,38,1,62,38,NA,NA,NA,NA,62,38,6,"T2",1,1,1,0,0,0
16,"q2py44sj","SUB16","P2",16,50,1,50,50,NA,NA,NA,NA,50,50,6,"T2",1,1,1,0,0,0
17,"uzhuss2s","SUB18","P2",17,40,1,60,40,NA,NA,NA,NA,60,40,6,"T2",1,1,1,0,0,0
18,"z06q3y0q","SUB19","P2",18,50,1,50,50,NA,NA,NA,NA,50,50,6,"T2",1,1,1,0,0,0
20,"3101cn8m","SUB22","P1",20,50,1,50,50,NA,NA,NA,NA,50,50,6,"T2",1,1,1,0,0,0
21,"irl2zno9","SUB21","P2",21,50,1,50,50,NA,NA,NA,NA,50,50,6,"T2",1,1,1,0,0,0
22,"3q80v4zt","SUB23","P2",22,50,1,50,50,NA,NA,NA,NA,50,50,6,"T2",1,1,1,0,0,0
23,"n7uygjoj","SUB24","P2",23,50,1,50,50,NA,NA,NA,NA,50,50,6,"T2",1,1,1,0,0,0
26,"0yx3c7qf","SUB27","P2",26,35,1,65,35,NA,NA,NA,NA,65,35,6,"T2",1,1,1,0,0,0
1,"qgj4ans2","SUB01","P2",1,50,1,50,50,NA,NA,NA,NA,50,50,7,"T2",1,1,1,0,0,0
2,"y6vt5nki","SUB02","P2",2,40,1,60,40,NA,NA,NA,NA,60,40,7,"T2",1,1,1,0,0,0
5,"b8qh05ti","SUB08","P1",5,40,1,60,40,NA,NA,NA,NA,60,40,7,"T2",1,1,1,0,0,0
6,"fxxtcili","SUB05","P2",6,40,1,60,40,NA,NA,NA,NA,60,40,7,"T2",1,1,1,0,0,0
7,"ha6kapux","SUB07","P2",7,40,1,60,40,NA,NA,NA,NA,60,40,7,"T2",1,1,1,0,0,0
8,"8s4s3qgl","SUB10","P2",8,30,1,70,30,NA,NA,NA,NA,70,30,7,"T2",1,1,1,0,0,0
13,"sno2xyi9","SUB14","P1",13,50,1,50,50,NA,NA,NA,NA,50,50,7,"T2",1,1,1,0,0,0
14,"tmb79jpn","SUB15","P2",14,40,1,60,40,NA,NA,NA,NA,60,40,7,"T2",1,1,1,0,0,0
16,"q2py44sj","SUB16","P2",16,50,1,50,50,NA,NA,NA,NA,50,50,7,"T2",1,1,1,0,0,0
17,"uzhuss2s","SUB18","P2",17,50,1,50,50,NA,NA,NA,NA,50,50,7,"T2",1,1,1,0,0,0
18,"z06q3y0q","SUB19","P2",18,40,1,60,40,NA,NA,NA,NA,60,40,7,"T2",1,1,1,0,0,0
20,"3101cn8m","SUB22","P1",20,50,1,50,50,NA,NA,NA,NA,50,50,7,"T2",1,1,1,0,0,0
21,"irl2zno9","SUB21","P2",21,50,1,50,50,NA,NA,NA,NA,50,50,7,"T2",1,1,1,0,0,0
22,"3q80v4zt","SUB23","P1",22,50,1,50,50,NA,NA,NA,NA,50,50,7,"T2",1,1,1,0,0,0
23,"n7uygjoj","SUB24","P1",23,52,1,48,52,NA,NA,NA,NA,48,52,7,"T2",1,1,1,0,0,0
24,"x0yd06i5","SUB25","P2",24,50,1,50,50,NA,NA,NA,NA,50,50,7,"T2",1,1,1,0,0,0
25,"tfqxsoxe","SUB26","P1",25,50,1,50,50,NA,NA,NA,NA,50,50,7,"T2",1,1,1,0,0,0
26,"0yx3c7qf","SUB27","P2",26,40,1,60,40,NA,NA,NA,NA,60,40,7,"T2",1,1,1,0,0,0
1,"qgj4ans2","SUB01","P1",1,55,1,45,55,NA,NA,NA,NA,45,55,8,"T2",1,1,1,0,0,0
2,"y6vt5nki","SUB02","P2",2,30,1,70,30,NA,NA,NA,NA,70,30,8,"T2",1,1,1,0,0,0
5,"b8qh05ti","SUB08","P1",5,40,1,60,40,NA,NA,NA,NA,60,40,8,"T2",1,1,1,0,0,0
7,"ha6kapux","SUB07","P2",7,40,1,60,40,NA,NA,NA,NA,60,40,8,"T2",1,1,1,0,0,0
8,"8s4s3qgl","SUB10","P2",8,40,1,60,40,NA,NA,NA,NA,60,40,8,"T2",1,1,1,0,0,0
9,"o8bxqfyl","SUB11","P1",9,50,1,50,50,NA,NA,NA,NA,50,50,8,"T2",1,1,1,0,0,0
10,"lljzay9s","SUB09","P2",10,50,1,50,50,NA,NA,NA,NA,50,50,8,"T2",1,1,1,0,0,0
11,"q6l3ja4i","SUB13","P1",11,45,1,55,45,NA,NA,NA,NA,55,45,8,"T2",1,1,1,0,0,0
13,"sno2xyi9","SUB14","P2",13,50,1,50,50,NA,NA,NA,NA,50,50,8,"T2",1,1,1,0,0,0
14,"tmb79jpn","SUB15","P2",14,50,1,50,50,NA,NA,NA,NA,50,50,8,"T2",1,1,1,0,0,0
15,"1wizmznv","SUB17","P2",15,30,1,70,30,NA,NA,NA,NA,70,30,8,"T2",1,1,1,0,0,0
16,"q2py44sj","SUB16","P1",16,60,1,40,60,NA,NA,NA,NA,40,60,8,"T2",1,1,1,0,0,0
17,"uzhuss2s","SUB18","P1",17,50,1,50,50,NA,NA,NA,NA,50,50,8,"T2",1,1,1,0,0,0
18,"z06q3y0q","SUB19","P2",18,50,1,50,50,NA,NA,NA,NA,50,50,8,"T2",1,1,1,0,0,0
20,"3101cn8m","SUB22","P1",20,50,1,50,50,NA,NA,NA,NA,50,50,8,"T2",1,1,1,0,0,0
21,"irl2zno9","SUB21","P2",21,40,1,60,40,NA,NA,NA,NA,60,40,8,"T2",1,1,1,0,0,0
24,"x0yd06i5","SUB25","P2",24,50,1,50,50,NA,NA,NA,NA,50,50,8,"T2",1,1,1,0,0,0
1,"qgj4ans2","SUB01","P1",1,55,1,45,55,NA,NA,NA,NA,45,55,9,"T2",1,1,1,0,0,0
2,"y6vt5nki","SUB02","P2",2,30,1,70,30,NA,NA,NA,NA,70,30,9,"T2",1,1,1,0,0,0
4,"prnf850t","SUB04","P2",4,30,1,70,30,NA,NA,NA,NA,70,30,9,"T2",1,1,1,0,0,0
6,"fxxtcili","SUB05","P2",6,40,1,60,40,NA,NA,NA,NA,60,40,9,"T2",1,1,1,0,0,0
8,"8s4s3qgl","SUB10","P1",8,50,1,50,50,NA,NA,NA,NA,50,50,9,"T2",1,1,1,0,0,0
9,"o8bxqfyl","SUB11","P2",9,50,1,50,50,NA,NA,NA,NA,50,50,9,"T2",1,1,1,0,0,0
10,"lljzay9s","SUB09","P1",10,47,1,53,47,NA,NA,NA,NA,53,47,9,"T2",1,1,1,0,0,0
11,"q6l3ja4i","SUB13","P2",11,50,1,50,50,NA,NA,NA,NA,50,50,9,"T2",1,1,1,0,0,0
12,"gkbczgor","SUB12","P2",12,40,1,60,40,NA,NA,NA,NA,60,40,9,"T2",1,1,1,0,0,0
13,"sno2xyi9","SUB14","P2",13,50,1,50,50,NA,NA,NA,NA,50,50,9,"T2",1,1,1,0,0,0
14,"tmb79jpn","SUB15","P1",14,45,1,55,45,NA,NA,NA,NA,55,45,9,"T2",1,1,1,0,0,0
15,"1wizmznv","SUB17","P2",15,40,1,60,40,NA,NA,NA,NA,60,40,9,"T2",1,1,1,0,0,0
16,"q2py44sj","SUB16","P1",16,55,1,45,55,NA,NA,NA,NA,45,55,9,"T2",1,1,1,0,0,0
17,"uzhuss2s","SUB18","P2",17,40,1,60,40,NA,NA,NA,NA,60,40,9,"T2",1,1,1,0,0,0
18,"z06q3y0q","SUB19","P2",18,50,1,50,50,NA,NA,NA,NA,50,50,9,"T2",1,1,1,0,0,0
20,"3101cn8m","SUB22","P1",20,50,1,50,50,NA,NA,NA,NA,50,50,9,"T2",1,1,1,0,0,0
21,"irl2zno9","SUB21","P2",21,40,1,60,40,NA,NA,NA,NA,60,40,9,"T2",1,1,1,0,0,0
22,"3q80v4zt","SUB23","P1",22,50,1,50,50,NA,NA,NA,NA,50,50,9,"T2",1,1,1,0,0,0
23,"n7uygjoj","SUB24","P1",23,52,1,48,52,NA,NA,NA,NA,48,52,9,"T2",1,1,1,0,0,0
24,"x0yd06i5","SUB25","P2",24,40,1,60,40,NA,NA,NA,NA,60,40,9,"T2",1,1,1,0,0,0
25,"tfqxsoxe","SUB26","P1",25,50,1,50,50,NA,NA,NA,NA,50,50,9,"T2",1,1,1,0,0,0
26,"0yx3c7qf","SUB27","P1",26,65,1,35,65,NA,NA,NA,NA,35,65,9,"T2",1,1,1,0,0,0
1,"qgj4ans2","SUB01","P1",1,55,1,45,55,NA,NA,NA,NA,45,55,10,"T2",1,1,1,0,0,0
2,"y6vt5nki","SUB02","P2",2,35,1,65,35,NA,NA,NA,NA,65,35,10,"T2",1,1,1,0,0,0
3,"7kjwc9qf","SUB03","P2",3,40,1,60,40,NA,NA,NA,NA,60,40,10,"T2",1,1,1,0,0,0
4,"prnf850t","SUB04","P1",4,35,1,65,35,NA,NA,NA,NA,65,35,10,"T2",1,1,1,0,0,0
7,"ha6kapux","SUB07","P2",7,50,1,50,50,NA,NA,NA,NA,50,50,10,"T2",1,1,1,0,0,0
8,"8s4s3qgl","SUB10","P2",8,50,1,50,50,NA,NA,NA,NA,50,50,10,"T2",1,1,1,0,0,0
9,"o8bxqfyl","SUB11","P2",9,50,1,50,50,NA,NA,NA,NA,50,50,10,"T2",1,1,1,0,0,0
10,"lljzay9s","SUB09","P2",10,40,1,60,40,NA,NA,NA,NA,60,40,10,"T2",1,1,1,0,0,0
12,"gkbczgor","SUB12","P2",12,40,1,60,40,NA,NA,NA,NA,60,40,10,"T2",1,1,1,0,0,0
13,"sno2xyi9","SUB14","P1",13,49,1,51,49,NA,NA,NA,NA,51,49,10,"T2",1,1,1,0,0,0
14,"tmb79jpn","SUB15","P2",14,50,1,50,50,NA,NA,NA,NA,50,50,10,"T2",1,1,1,0,0,0
16,"q2py44sj","SUB16","P1",16,55,1,45,55,NA,NA,NA,NA,45,55,10,"T2",1,1,1,0,0,0
17,"uzhuss2s","SUB18","P1",17,50,1,50,50,NA,NA,NA,NA,50,50,10,"T2",1,1,1,0,0,0
18,"z06q3y0q","SUB19","P2",18,30,1,70,30,NA,NA,NA,NA,70,30,10,"T2",1,1,1,0,0,0
20,"3101cn8m","SUB22","P1",20,50,1,50,50,NA,NA,NA,NA,50,50,10,"T2",1,1,1,0,0,0
22,"3q80v4zt","SUB23","P2",22,50,1,50,50,NA,NA,NA,NA,50,50,10,"T2",1,1,1,0,0,0
24,"x0yd06i5","SUB25","P2",24,30,1,70,30,NA,NA,NA,NA,70,30,10,"T2",1,1,1,0,0,0
25,"tfqxsoxe","SUB26","P2",25,50,1,50,50,NA,NA,NA,NA,50,50,10,"T2",1,1,1,0,0,0
11,"q6l3ja4i","SUB13","P2",11,50,2,70,30,50,50,NA,NA,30,20,1,"T2",1,1,0,1,0,0
12,"gkbczgor","SUB12","P1",12,36,2,50,50,36,64,NA,NA,21.6,25.6,1,"T2",1,1,0,1,0,0
14,"tmb79jpn","SUB15","P1",14,36,2,55,45,36,64,NA,NA,21.6,25.6,1,"T2",1,1,0,1,0,0
16,"q2py44sj","SUB16","P1",16,30,2,50,50,30,70,NA,NA,18,28,1,"T2",1,1,0,1,0,0
23,"n7uygjoj","SUB24","P1",23,36,2,50,50,36,64,NA,NA,21.6,25.6,1,"T2",1,1,0,1,0,0
26,"0yx3c7qf","SUB27","P1",26,45,2,70,30,45,55,NA,NA,27,22,1,"T2",1,1,0,1,0,0
6,"fxxtcili","SUB05","P1",6,36,2,83,17,36,64,NA,NA,21.6,25.6,2,"T2",1,1,0,1,0,0
17,"uzhuss2s","SUB18","P1",17,29,2,60,40,29,71,NA,NA,17.4,28.4,2,"T2",1,1,0,1,0,0
21,"irl2zno9","SUB21","P2",21,40,2,70,30,40,60,NA,NA,24,24,2,"T2",1,1,0,1,0,0
22,"3q80v4zt","SUB23","P2",22,40,2,60,40,40,60,NA,NA,24,24,2,"T2",1,1,0,1,0,0
8,"8s4s3qgl","SUB10","P1",8,37,2,55,45,37,63,NA,NA,22.2,25.2,3,"T2",1,1,0,1,0,0
11,"q6l3ja4i","SUB13","P1",11,30,2,60,40,30,70,NA,NA,18,28,3,"T2",1,1,0,1,0,0
22,"3q80v4zt","SUB23","P1",22,60,2,60,40,60,40,NA,NA,36,16,3,"T2",1,1,0,1,0,0
1,"qgj4ans2","SUB01","P1",1,49,2,49,51,49,51,NA,NA,29.4,20.4,4,"T2",1,1,0,1,0,0
8,"8s4s3qgl","SUB10","P1",8,34,2,51,49,34,66,NA,NA,20.4,26.4,4,"T2",1,1,0,1,0,0
9,"o8bxqfyl","SUB11","P1",9,39,2,55,45,39,61,NA,NA,23.4,24.4,4,"T2",1,1,0,1,0,0
13,"sno2xyi9","SUB14","P1",13,36,2,60,40,36,64,NA,NA,21.6,25.6,4,"T2",1,1,0,1,0,0
22,"3q80v4zt","SUB23","P2",22,40,2,60,40,40,60,NA,NA,24,24,4,"T2",1,1,0,1,0,0
26,"0yx3c7qf","SUB27","P1",26,28,2,70,30,28,72,NA,NA,16.8,28.8,4,"T2",1,1,0,1,0,0
11,"q6l3ja4i","SUB13","P2",11,50,2,70,30,50,50,NA,NA,30,20,5,"T2",1,1,0,1,0,0
16,"q2py44sj","SUB16","P1",16,25,2,55,45,25,75,NA,NA,15,30,5,"T2",1,1,0,1,0,0
26,"0yx3c7qf","SUB27","P1",26,36,2,50,50,36,64,NA,NA,21.6,25.6,5,"T2",1,1,0,1,0,0
4,"prnf850t","SUB04","P1",4,40,2,70,30,40,60,NA,NA,24,24,6,"T2",1,1,0,1,0,0
6,"fxxtcili","SUB05","P1",6,36,2,60,40,36,64,NA,NA,21.6,25.6,6,"T2",1,1,0,1,0,0
7,"ha6kapux","SUB07","P1",7,60,2,83,17,60,40,NA,NA,36,16,6,"T2",1,1,0,1,0,0
10,"lljzay9s","SUB09","P1",10,60,2,60,40,60,40,NA,NA,36,16,6,"T2",1,1,0,1,0,0
9,"o8bxqfyl","SUB11","P1",9,44,2,52,48,44,56,NA,NA,26.4,22.4,7,"T2",1,1,0,1,0,0
12,"gkbczgor","SUB12","P1",12,46,2,50,50,46,54,NA,NA,27.6,21.6,7,"T2",1,1,0,1,0,0
12,"gkbczgor","SUB12","P2",12,50,2,70,30,50,50,NA,NA,30,20,8,"T2",1,1,0,1,0,0
26,"0yx3c7qf","SUB27","P1",26,24,2,40,60,24,76,NA,NA,14.4,30.4,8,"T2",1,1,0,1,0,0
6,"fxxtcili","SUB05","P1",6,30,2,60,40,30,70,NA,NA,18,28,10,"T2",1,1,0,1,0,0
26,"0yx3c7qf","SUB27","P1",26,36,2,40,60,36,64,NA,NA,21.6,25.6,10,"T2",1,1,0,1,0,0
8,"8s4s3qgl","SUB10","P1",8,55,3,55,45,24,76,45,55,16.2,8.8,1,"T2",1,1,0,0,1,0
18,"z06q3y0q","SUB19","P1",18,50,3,55,45,30,70,50,50,18,8,1,"T2",1,1,0,0,1,0
22,"3q80v4zt","SUB23","P1",22,25,3,75,25,30,70,75,25,27,4,1,"T2",1,1,0,0,1,0
11,"q6l3ja4i","SUB13","P1",11,50,3,70,30,42,58,50,50,18,8,2,"T2",1,1,0,0,1,0
15,"1wizmznv","SUB17","P1",15,20,3,75,25,24,76,80,20,28.8,3.2,2,"T2",1,1,0,0,1,0
24,"x0yd06i5","SUB25","P1",24,50,3,70,30,36,64,50,50,18,8,2,"T2",1,1,0,0,1,0
5,"b8qh05ti","SUB08","P1",5,1,3,60,40,24,76,99,1,35.64,0.16,3,"T2",1,1,0,0,1,0
9,"o8bxqfyl","SUB11","P1",9,50,3,60,40,24,76,50,50,18,8,3,"T2",1,1,0,0,1,0
14,"tmb79jpn","SUB15","P1",14,20,3,50,50,30,70,80,20,28.8,3.2,3,"T2",1,1,0,0,1,0
21,"irl2zno9","SUB21","P1",21,40,3,50,50,20,80,60,40,21.6,6.4,3,"T2",1,1,0,0,1,0
5,"b8qh05ti","SUB08","P1",5,1,3,60,40,34,66,99,1,35.64,0.16,4,"T2",1,1,0,0,1,0
15,"1wizmznv","SUB17","P1",15,18,3,65,35,24,76,82,18,29.52,2.88,4,"T2",1,1,0,0,1,0
19,"jfk37j88","SUB20","P1",19,25,3,60,40,30,70,75,25,27,4,4,"T2",1,1,0,0,1,0
24,"x0yd06i5","SUB25","P2",24,46,3,70,30,40,60,54,46,19.44,7.36,4,"T2",1,1,0,0,1,0
3,"7kjwc9qf","SUB03","P1",3,2,3,65,35,30,70,98,2,35.28,0.32,5,"T2",1,1,0,0,1,0
5,"b8qh05ti","SUB08","P1",5,1,3,60,40,30,70,99,1,35.64,0.16,5,"T2",1,1,0,0,1,0
18,"z06q3y0q","SUB19","P1",18,30,3,55,45,27,73,70,30,25.2,4.8,5,"T2",1,1,0,0,1,0
21,"irl2zno9","SUB21","P1",21,20,3,50,50,24,76,80,20,28.8,3.2,5,"T2",1,1,0,0,1,0
3,"7kjwc9qf","SUB03","P1",3,2,3,63,37,27,73,98,2,35.28,0.32,6,"T2",1,1,0,0,1,0
9,"o8bxqfyl","SUB11","P2",9,34,3,70,30,42,58,66,34,23.76,5.44,6,"T2",1,1,0,0,1,0
11,"q6l3ja4i","SUB13","P1",11,50,3,55,45,30,70,50,50,18,8,6,"T2",1,1,0,0,1,0
24,"x0yd06i5","SUB25","P2",24,24,3,95,35,20,80,76,24,27.36,3.84,6,"T2",1,1,0,0,1,0
3,"7kjwc9qf","SUB03","P1",3,2,3,59,41,28,72,98,2,35.28,0.32,7,"T2",1,1,0,0,1,0
4,"prnf850t","SUB04","P1",4,20,3,68,32,24,76,80,20,28.8,3.2,7,"T2",1,1,0,0,1,0
10,"lljzay9s","SUB09","P1",10,20,3,50,50,24,76,80,20,28.8,3.2,7,"T2",1,1,0,0,1,0
11,"q6l3ja4i","SUB13","P1",11,42,3,55,45,28,72,58,42,20.88,6.72,7,"T2",1,1,0,0,1,0
15,"1wizmznv","SUB17","P1",15,15,3,64,36,40,60,85,15,30.6,2.4,7,"T2",1,1,0,0,1,0
3,"7kjwc9qf","SUB03","P1",3,1,3,55,45,36,64,99,1,35.64,0.16,8,"T2",1,1,0,0,1,0
4,"prnf850t","SUB04","P2",4,10,3,70,30,20,80,90,10,32.4,1.6,8,"T2",1,1,0,0,1,0
19,"jfk37j88","SUB20","P1",19,25,3,60,40,24,76,75,25,27,4,8,"T2",1,1,0,0,1,0
23,"n7uygjoj","SUB24","P1",23,45,3,49,51,30,70,55,45,19.8,7.2,8,"T2",1,1,0,0,1,0
5,"b8qh05ti","SUB08","P1",5,1,3,60,40,36,64,99,1,35.64,0.16,9,"T2",1,1,0,0,1,0
7,"ha6kapux","SUB07","P1",7,1,3,80,20,28,72,99,1,35.64,0.16,9,"T2",1,1,0,0,1,0
19,"jfk37j88","SUB20","P1",19,25,3,65,35,36,64,75,25,27,4,9,"T2",1,1,0,0,1,0
5,"b8qh05ti","SUB08","P1",5,1,3,60,40,24,76,99,1,35.64,0.16,10,"T2",1,1,0,0,1,0
11,"q6l3ja4i","SUB13","P1",11,50,3,54,46,28,72,50,50,18,8,10,"T2",1,1,0,0,1,0
15,"1wizmznv","SUB17","P1",15,10,3,60,40,29,71,90,10,32.4,1.6,10,"T2",1,1,0,0,1,0
19,"jfk37j88","SUB20","P1",19,25,3,65,35,36,64,75,25,27,4,10,"T2",1,1,0,0,1,0
21,"irl2zno9","SUB21","P1",21,20,3,50,50,34,66,80,20,28.8,3.2,10,"T2",1,1,0,0,1,0
23,"n7uygjoj","SUB24","P2",23,27,3,70,30,24,76,73,27,26.28,4.32,10,"T2",1,1,0,0,1,0
1,"qgj4ans2","SUB01","P1",1,10,4,60,40,30,70,90,10,0,0,2,"T2",1,1,0,0,0,1
3,"7kjwc9qf","SUB03","P2",3,33,4,67,33,24,76,67,33,0,0,3,"T2",1,1,0,0,0,1
20,"3101cn8m","SUB22","P1",20,80,4,50,50,12,88,20,80,0,0,3,"T2",1,1,0,0,0,1
25,"tfqxsoxe","SUB26","P2",25,30,4,60,40,0,100,70,30,0,0,4,"T2",1,1,0,0,0,1
5,"b8qh05ti","SUB08","P1",5,1,4,60,40,36,64,99,1,0,0,6,"T2",1,1,0,0,0,1
19,"jfk37j88","SUB20","P1",19,25,4,60,40,30,70,75,25,0,0,6,"T2",1,1,0,0,0,1
25,"tfqxsoxe","SUB26","P2",25,32,4,60,40,40,60,68,32,0,0,6,"T2",1,1,0,0,0,1
19,"jfk37j88","SUB20","P2",19,42,4,70,30,35,65,58,42,0,0,7,"T2",1,1,0,0,0,1
6,"fxxtcili","SUB05","P1",6,1,4,70,30,20,80,99,1,0,0,8,"T2",1,1,0,0,0,1
22,"3q80v4zt","SUB23","P1",22,10,4,50,50,24,76,90,10,0,0,8,"T2",1,1,0,0,0,1
25,"tfqxsoxe","SUB26","P2",25,23,4,70,30,30,70,77,23,0,0,8,"T2",1,1,0,0,0,1
3,"7kjwc9qf","SUB03","P2",3,16,4,60,40,1,99,84,16,0,0,9,"T2",1,1,0,0,0,1
2,"jqjfk2ez","SUB02","P1",2,30,1,70,30,NA,NA,NA,NA,70,30,1,"T3",1,0,1,0,0,0
3,"imt9yc21","SUB03","P2",3,50,1,50,50,NA,NA,NA,NA,50,50,1,"T3",1,0,1,0,0,0
5,"nh7aajh2","SUB08","P1",5,50,1,50,50,NA,NA,NA,NA,50,50,1,"T3",1,0,1,0,0,0
7,"7wdmb5sf","SUB09","P2",7,50,1,50,50,NA,NA,NA,NA,50,50,1,"T3",1,0,1,0,0,0
8,"8xbs4gco","SUB05","P1",8,35,1,65,35,NA,NA,NA,NA,65,35,1,"T3",1,0,1,0,0,0
10,"ic7texjb","SUB11","P2",10,30,1,70,30,NA,NA,NA,NA,70,30,1,"T3",1,0,1,0,0,0
11,"1jdjqddd","SUB13","P2",11,30,1,70,30,NA,NA,NA,NA,70,30,1,"T3",1,0,1,0,0,0
12,"ptghbnc9","SUB14","P2",12,40,1,60,40,NA,NA,NA,NA,60,40,1,"T3",1,0,1,0,0,0
14,"qdz5djn8","SUB15","P2",14,40,1,60,40,NA,NA,NA,NA,60,40,1,"T3",1,0,1,0,0,0
15,"h9ymerbf","SUB17","P2",15,40,1,60,40,NA,NA,NA,NA,60,40,1,"T3",1,0,1,0,0,0
16,"8jqp9j4g","SUB18","P2",16,30,1,70,30,NA,NA,NA,NA,70,30,1,"T3",1,0,1,0,0,0
17,"zkx8in1a","SUB16","P2",17,40,1,60,40,NA,NA,NA,NA,60,40,1,"T3",1,0,1,0,0,0
19,"qjoebw3l","SUB21","P2",19,40,1,60,40,NA,NA,NA,NA,60,40,1,"T3",1,0,1,0,0,0
23,"7mv0ktln","SUB23","P1",23,40,1,60,40,NA,NA,NA,NA,60,40,1,"T3",1,0,1,0,0,0
24,"49ru8nb0","SUB26","P2",24,35,1,65,35,NA,NA,NA,NA,65,35,1,"T3",1,0,1,0,0,0
26,"1zh5s3po","SUB25","P2",26,20,1,80,20,NA,NA,NA,NA,80,20,1,"T3",1,0,1,0,0,0
1,"03lvt6vi","SUB01","P1",1,40,1,60,40,NA,NA,NA,NA,60,40,2,"T3",1,0,1,0,0,0
3,"imt9yc21","SUB03","P2",3,40,1,60,40,NA,NA,NA,NA,60,40,2,"T3",1,0,1,0,0,0
4,"u9s293b2","SUB04","P2",4,50,1,50,50,NA,NA,NA,NA,50,50,2,"T3",1,0,1,0,0,0
6,"tp33s34j","SUB07","P2",6,50,1,50,50,NA,NA,NA,NA,50,50,2,"T3",1,0,1,0,0,0
7,"7wdmb5sf","SUB09","P1",7,50,1,50,50,NA,NA,NA,NA,50,50,2,"T3",1,0,1,0,0,0
8,"8xbs4gco","SUB05","P1",8,31,1,69,31,NA,NA,NA,NA,69,31,2,"T3",1,0,1,0,0,0
10,"ic7texjb","SUB11","P2",10,40,1,60,40,NA,NA,NA,NA,60,40,2,"T3",1,0,1,0,0,0
12,"ptghbnc9","SUB14","P2",12,40,1,60,40,NA,NA,NA,NA,60,40,2,"T3",1,0,1,0,0,0
15,"h9ymerbf","SUB17","P2",15,50,1,50,50,NA,NA,NA,NA,50,50,2,"T3",1,0,1,0,0,0
16,"8jqp9j4g","SUB18","P2",16,40,1,60,40,NA,NA,NA,NA,60,40,2,"T3",1,0,1,0,0,0
18,"62mpqbrr","SUB19","P2",18,50,1,50,50,NA,NA,NA,NA,50,50,2,"T3",1,0,1,0,0,0
19,"qjoebw3l","SUB21","P2",19,50,1,50,50,NA,NA,NA,NA,50,50,2,"T3",1,0,1,0,0,0
21,"74dlajfd","SUB22","P1",21,50,1,50,50,NA,NA,NA,NA,50,50,2,"T3",1,0,1,0,0,0
24,"49ru8nb0","SUB26","P1",24,50,1,50,50,NA,NA,NA,NA,50,50,2,"T3",1,0,1,0,0,0
25,"n1afhoo5","SUB27","P2",25,50,1,50,50,NA,NA,NA,NA,50,50,2,"T3",1,0,1,0,0,0
26,"1zh5s3po","SUB25","P2",26,40,1,60,40,NA,NA,NA,NA,60,40,2,"T3",1,0,1,0,0,0
1,"03lvt6vi","SUB01","P2",1,40,1,60,40,NA,NA,NA,NA,60,40,3,"T3",1,0,1,0,0,0
2,"jqjfk2ez","SUB02","P2",2,40,1,60,40,NA,NA,NA,NA,60,40,3,"T3",1,0,1,0,0,0
3,"imt9yc21","SUB03","P2",3,50,1,50,50,NA,NA,NA,NA,50,50,3,"T3",1,0,1,0,0,0
4,"u9s293b2","SUB04","P2",4,40,1,60,40,NA,NA,NA,NA,60,40,3,"T3",1,0,1,0,0,0
5,"nh7aajh2","SUB08","P2",5,40,1,60,40,NA,NA,NA,NA,60,40,3,"T3",1,0,1,0,0,0
9,"a5d0lckm","SUB10","P2",9,50,1,50,50,NA,NA,NA,NA,50,50,3,"T3",1,0,1,0,0,0
10,"ic7texjb","SUB11","P2",10,30,1,70,30,NA,NA,NA,NA,70,30,3,"T3",1,0,1,0,0,0
11,"1jdjqddd","SUB13","P1",11,50,1,50,50,NA,NA,NA,NA,50,50,3,"T3",1,0,1,0,0,0
13,"ghobmd5w","SUB12","P2",13,40,1,60,40,NA,NA,NA,NA,60,40,3,"T3",1,0,1,0,0,0
14,"qdz5djn8","SUB15","P1",14,45,1,55,45,NA,NA,NA,NA,55,45,3,"T3",1,0,1,0,0,0
15,"h9ymerbf","SUB17","P1",15,41,1,59,41,NA,NA,NA,NA,59,41,3,"T3",1,0,1,0,0,0
16,"8jqp9j4g","SUB18","P1",16,50,1,50,50,NA,NA,NA,NA,50,50,3,"T3",1,0,1,0,0,0
19,"qjoebw3l","SUB21","P1",19,45,1,55,45,NA,NA,NA,NA,55,45,3,"T3",1,0,1,0,0,0
20,"q4jqgxsk","SUB24","P2",20,50,1,50,50,NA,NA,NA,NA,50,50,3,"T3",1,0,1,0,0,0
21,"74dlajfd","SUB22","P2",21,50,1,50,50,NA,NA,NA,NA,50,50,3,"T3",1,0,1,0,0,0
23,"7mv0ktln","SUB23","P2",23,50,1,50,50,NA,NA,NA,NA,50,50,3,"T3",1,0,1,0,0,0
25,"n1afhoo5","SUB27","P2",25,50,1,50,50,NA,NA,NA,NA,50,50,3,"T3",1,0,1,0,0,0
1,"03lvt6vi","SUB01","P1",1,60,1,40,60,NA,NA,NA,NA,40,60,4,"T3",1,0,1,0,0,0
2,"jqjfk2ez","SUB02","P2",2,30,1,70,30,NA,NA,NA,NA,70,30,4,"T3",1,0,1,0,0,0
3,"imt9yc21","SUB03","P2",3,30,1,70,30,NA,NA,NA,NA,70,30,4,"T3",1,0,1,0,0,0
4,"u9s293b2","SUB04","P2",4,30,1,70,30,NA,NA,NA,NA,70,30,4,"T3",1,0,1,0,0,0
5,"nh7aajh2","SUB08","P2",5,30,1,70,30,NA,NA,NA,NA,70,30,4,"T3",1,0,1,0,0,0
7,"7wdmb5sf","SUB09","P1",7,45,1,55,45,NA,NA,NA,NA,55,45,4,"T3",1,0,1,0,0,0
9,"a5d0lckm","SUB10","P2",9,40,1,60,40,NA,NA,NA,NA,60,40,4,"T3",1,0,1,0,0,0
10,"ic7texjb","SUB11","P1",10,50,1,50,50,NA,NA,NA,NA,50,50,4,"T3",1,0,1,0,0,0
12,"ptghbnc9","SUB14","P1",12,55,1,45,55,NA,NA,NA,NA,45,55,4,"T3",1,0,1,0,0,0
13,"ghobmd5w","SUB12","P1",13,50,1,50,50,NA,NA,NA,NA,50,50,4,"T3",1,0,1,0,0,0
15,"h9ymerbf","SUB17","P2",15,40,1,60,40,NA,NA,NA,NA,60,40,4,"T3",1,0,1,0,0,0
16,"8jqp9j4g","SUB18","P1",16,50,1,50,50,NA,NA,NA,NA,50,50,4,"T3",1,0,1,0,0,0
18,"62mpqbrr","SUB19","P2",18,40,1,60,40,NA,NA,NA,NA,60,40,4,"T3",1,0,1,0,0,0
19,"qjoebw3l","SUB21","P2",19,40,1,60,40,NA,NA,NA,NA,60,40,4,"T3",1,0,1,0,0,0
20,"q4jqgxsk","SUB24","P2",20,50,1,50,50,NA,NA,NA,NA,50,50,4,"T3",1,0,1,0,0,0
21,"74dlajfd","SUB22","P2",21,50,1,50,50,NA,NA,NA,NA,50,50,4,"T3",1,0,1,0,0,0
22,"1pbdj537","SUB20","P1",22,45,1,55,45,NA,NA,NA,NA,55,45,4,"T3",1,0,1,0,0,0
23,"7mv0ktln","SUB23","P1",23,30,1,70,30,NA,NA,NA,NA,70,30,4,"T3",1,0,1,0,0,0
24,"49ru8nb0","SUB26","P1",24,50,1,50,50,NA,NA,NA,NA,50,50,4,"T3",1,0,1,0,0,0
25,"n1afhoo5","SUB27","P2",25,50,1,50,50,NA,NA,NA,NA,50,50,4,"T3",1,0,1,0,0,0
1,"03lvt6vi","SUB01","P2",1,50,1,50,50,NA,NA,NA,NA,50,50,5,"T3",1,0,1,0,0,0
4,"u9s293b2","SUB04","P2",4,50,1,50,50,NA,NA,NA,NA,50,50,5,"T3",1,0,1,0,0,0
5,"nh7aajh2","SUB08","P1",5,51,1,49,51,NA,NA,NA,NA,49,51,5,"T3",1,0,1,0,0,0
6,"tp33s34j","SUB07","P2",6,30,1,70,30,NA,NA,NA,NA,70,30,5,"T3",1,0,1,0,0,0
7,"7wdmb5sf","SUB09","P2",7,50,1,50,50,NA,NA,NA,NA,50,50,5,"T3",1,0,1,0,0,0
9,"a5d0lckm","SUB10","P2",9,40,1,60,40,NA,NA,NA,NA,60,40,5,"T3",1,0,1,0,0,0
10,"ic7texjb","SUB11","P2",10,40,1,60,40,NA,NA,NA,NA,60,40,5,"T3",1,0,1,0,0,0
11,"1jdjqddd","SUB13","P2",11,30,1,70,30,NA,NA,NA,NA,70,30,5,"T3",1,0,1,0,0,0
12,"ptghbnc9","SUB14","P1",12,55,1,45,55,NA,NA,NA,NA,45,55,5,"T3",1,0,1,0,0,0
13,"ghobmd5w","SUB12","P1",13,50,1,50,50,NA,NA,NA,NA,50,50,5,"T3",1,0,1,0,0,0
15,"h9ymerbf","SUB17","P2",15,40,1,60,40,NA,NA,NA,NA,60,40,5,"T3",1,0,1,0,0,0
16,"8jqp9j4g","SUB18","P2",16,50,1,50,50,NA,NA,NA,NA,50,50,5,"T3",1,0,1,0,0,0
18,"62mpqbrr","SUB19","P1",18,40,1,60,40,NA,NA,NA,NA,60,40,5,"T3",1,0,1,0,0,0
19,"qjoebw3l","SUB21","P1",19,37,1,63,37,NA,NA,NA,NA,63,37,5,"T3",1,0,1,0,0,0
20,"q4jqgxsk","SUB24","P1",20,50,1,50,50,NA,NA,NA,NA,50,50,5,"T3",1,0,1,0,0,0
22,"1pbdj537","SUB20","P2",22,50,1,50,50,NA,NA,NA,NA,50,50,5,"T3",1,0,1,0,0,0
24,"49ru8nb0","SUB26","P1",24,50,1,50,50,NA,NA,NA,NA,50,50,5,"T3",1,0,1,0,0,0
25,"n1afhoo5","SUB27","P1",25,50,1,50,50,NA,NA,NA,NA,50,50,5,"T3",1,0,1,0,0,0
26,"1zh5s3po","SUB25","P2",26,30,1,70,30,NA,NA,NA,NA,70,30,5,"T3",1,0,1,0,0,0
1,"03lvt6vi","SUB01","P2",1,50,1,50,50,NA,NA,NA,NA,50,50,6,"T3",1,0,1,0,0,0
3,"imt9yc21","SUB03","P2",3,40,1,60,40,NA,NA,NA,NA,60,40,6,"T3",1,0,1,0,0,0
5,"nh7aajh2","SUB08","P1",5,51,1,49,51,NA,NA,NA,NA,49,51,6,"T3",1,0,1,0,0,0
8,"8xbs4gco","SUB05","P2",8,40,1,60,40,NA,NA,NA,NA,60,40,6,"T3",1,0,1,0,0,0
9,"a5d0lckm","SUB10","P2",9,40,1,60,40,NA,NA,NA,NA,60,40,6,"T3",1,0,1,0,0,0
10,"ic7texjb","SUB11","P1",10,60,1,40,60,NA,NA,NA,NA,40,60,6,"T3",1,0,1,0,0,0
11,"1jdjqddd","SUB13","P2",11,50,1,50,50,NA,NA,NA,NA,50,50,6,"T3",1,0,1,0,0,0
13,"ghobmd5w","SUB12","P1",13,50,1,50,50,NA,NA,NA,NA,50,50,6,"T3",1,0,1,0,0,0
14,"qdz5djn8","SUB15","P2",14,50,1,50,50,NA,NA,NA,NA,50,50,6,"T3",1,0,1,0,0,0
16,"8jqp9j4g","SUB18","P2",16,40,1,60,40,NA,NA,NA,NA,60,40,6,"T3",1,0,1,0,0,0
19,"qjoebw3l","SUB21","P2",19,50,1,50,50,NA,NA,NA,NA,50,50,6,"T3",1,0,1,0,0,0
20,"q4jqgxsk","SUB24","P1",20,50,1,50,50,NA,NA,NA,NA,50,50,6,"T3",1,0,1,0,0,0
21,"74dlajfd","SUB22","P1",21,50,1,50,50,NA,NA,NA,NA,50,50,6,"T3",1,0,1,0,0,0
22,"1pbdj537","SUB20","P1",22,46,1,54,46,NA,NA,NA,NA,54,46,6,"T3",1,0,1,0,0,0
25,"n1afhoo5","SUB27","P2",25,40,1,60,40,NA,NA,NA,NA,60,40,6,"T3",1,0,1,0,0,0
26,"1zh5s3po","SUB25","P1",26,50,1,50,50,NA,NA,NA,NA,50,50,6,"T3",1,0,1,0,0,0
2,"jqjfk2ez","SUB02","P2",2,40,1,60,40,NA,NA,NA,NA,60,40,7,"T3",1,0,1,0,0,0
3,"imt9yc21","SUB03","P2",3,40,1,60,40,NA,NA,NA,NA,60,40,7,"T3",1,0,1,0,0,0
4,"u9s293b2","SUB04","P1",4,50,1,50,50,NA,NA,NA,NA,50,50,7,"T3",1,0,1,0,0,0
5,"nh7aajh2","SUB08","P1",5,51,1,49,51,NA,NA,NA,NA,49,51,7,"T3",1,0,1,0,0,0
6,"tp33s34j","SUB07","P2",6,50,1,50,50,NA,NA,NA,NA,50,50,7,"T3",1,0,1,0,0,0
7,"7wdmb5sf","SUB09","P1",7,45,1,55,45,NA,NA,NA,NA,55,45,7,"T3",1,0,1,0,0,0
9,"a5d0lckm","SUB10","P2",9,50,1,50,50,NA,NA,NA,NA,50,50,7,"T3",1,0,1,0,0,0
10,"ic7texjb","SUB11","P2",10,40,1,60,40,NA,NA,NA,NA,60,40,7,"T3",1,0,1,0,0,0
11,"1jdjqddd","SUB13","P1",11,50,1,50,50,NA,NA,NA,NA,50,50,7,"T3",1,0,1,0,0,0
12,"ptghbnc9","SUB14","P1",12,55,1,45,55,NA,NA,NA,NA,45,55,7,"T3",1,0,1,0,0,0
15,"h9ymerbf","SUB17","P2",15,30,1,70,30,NA,NA,NA,NA,70,30,7,"T3",1,0,1,0,0,0
16,"8jqp9j4g","SUB18","P2",16,40,1,60,40,NA,NA,NA,NA,60,40,7,"T3",1,0,1,0,0,0
17,"zkx8in1a","SUB16","P1",17,50,1,50,50,NA,NA,NA,NA,50,50,7,"T3",1,0,1,0,0,0
19,"qjoebw3l","SUB21","P2",19,50,1,50,50,NA,NA,NA,NA,50,50,7,"T3",1,0,1,0,0,0
20,"q4jqgxsk","SUB24","P1",20,50,1,50,50,NA,NA,NA,NA,50,50,7,"T3",1,0,1,0,0,0
21,"74dlajfd","SUB22","P1",21,50,1,50,50,NA,NA,NA,NA,50,50,7,"T3",1,0,1,0,0,0
22,"1pbdj537","SUB20","P1",22,45,1,55,45,NA,NA,NA,NA,55,45,7,"T3",1,0,1,0,0,0
24,"49ru8nb0","SUB26","P2",24,40,1,60,40,NA,NA,NA,NA,60,40,7,"T3",1,0,1,0,0,0
25,"n1afhoo5","SUB27","P1",25,50,1,50,50,NA,NA,NA,NA,50,50,7,"T3",1,0,1,0,0,0
26,"1zh5s3po","SUB25","P2",26,20,1,80,20,NA,NA,NA,NA,80,20,7,"T3",1,0,1,0,0,0
1,"03lvt6vi","SUB01","P1",1,40,1,60,40,NA,NA,NA,NA,60,40,8,"T3",1,0,1,0,0,0
2,"jqjfk2ez","SUB02","P2",2,50,1,50,50,NA,NA,NA,NA,50,50,8,"T3",1,0,1,0,0,0
4,"u9s293b2","SUB04","P1",4,50,1,50,50,NA,NA,NA,NA,50,50,8,"T3",1,0,1,0,0,0
6,"tp33s34j","SUB07","P2",6,40,1,60,40,NA,NA,NA,NA,60,40,8,"T3",1,0,1,0,0,0
9,"a5d0lckm","SUB10","P2",9,50,1,50,50,NA,NA,NA,NA,50,50,8,"T3",1,0,1,0,0,0
11,"1jdjqddd","SUB13","P1",11,50,1,50,50,NA,NA,NA,NA,50,50,8,"T3",1,0,1,0,0,0
12,"ptghbnc9","SUB14","P1",12,55,1,45,55,NA,NA,NA,NA,45,55,8,"T3",1,0,1,0,0,0
13,"ghobmd5w","SUB12","P2",13,50,1,50,50,NA,NA,NA,NA,50,50,8,"T3",1,0,1,0,0,0
14,"qdz5djn8","SUB15","P2",14,50,1,50,50,NA,NA,NA,NA,50,50,8,"T3",1,0,1,0,0,0
15,"h9ymerbf","SUB17","P1",15,41,1,59,41,NA,NA,NA,NA,59,41,8,"T3",1,0,1,0,0,0
16,"8jqp9j4g","SUB18","P2",16,30,1,70,30,NA,NA,NA,NA,70,30,8,"T3",1,0,1,0,0,0
17,"zkx8in1a","SUB16","P2",17,40,1,60,40,NA,NA,NA,NA,60,40,8,"T3",1,0,1,0,0,0
18,"62mpqbrr","SUB19","P2",18,40,1,60,40,NA,NA,NA,NA,60,40,8,"T3",1,0,1,0,0,0
20,"q4jqgxsk","SUB24","P2",20,40,1,60,40,NA,NA,NA,NA,60,40,8,"T3",1,0,1,0,0,0
21,"74dlajfd","SUB22","P1",21,50,1,50,50,NA,NA,NA,NA,50,50,8,"T3",1,0,1,0,0,0
23,"7mv0ktln","SUB23","P2",23,50,1,50,50,NA,NA,NA,NA,50,50,8,"T3",1,0,1,0,0,0
24,"49ru8nb0","SUB26","P1",24,51,1,49,51,NA,NA,NA,NA,49,51,8,"T3",1,0,1,0,0,0
25,"n1afhoo5","SUB27","P2",25,40,1,60,40,NA,NA,NA,NA,60,40,8,"T3",1,0,1,0,0,0
1,"03lvt6vi","SUB01","P2",1,50,1,50,50,NA,NA,NA,NA,50,50,9,"T3",1,0,1,0,0,0
3,"imt9yc21","SUB03","P1",3,40,1,60,40,NA,NA,NA,NA,60,40,9,"T3",1,0,1,0,0,0
4,"u9s293b2","SUB04","P2",4,40,1,60,40,NA,NA,NA,NA,60,40,9,"T3",1,0,1,0,0,0
5,"nh7aajh2","SUB08","P1",5,51,1,49,51,NA,NA,NA,NA,49,51,9,"T3",1,0,1,0,0,0
7,"7wdmb5sf","SUB09","P1",7,46,1,54,46,NA,NA,NA,NA,54,46,9,"T3",1,0,1,0,0,0
8,"8xbs4gco","SUB05","P1",8,40,1,60,40,NA,NA,NA,NA,60,40,9,"T3",1,0,1,0,0,0
9,"a5d0lckm","SUB10","P2",9,40,1,60,40,NA,NA,NA,NA,60,40,9,"T3",1,0,1,0,0,0
10,"ic7texjb","SUB11","P2",10,40,1,60,40,NA,NA,NA,NA,60,40,9,"T3",1,0,1,0,0,0
11,"1jdjqddd","SUB13","P1",11,50,1,50,50,NA,NA,NA,NA,50,50,9,"T3",1,0,1,0,0,0
12,"ptghbnc9","SUB14","P2",12,35,1,65,35,NA,NA,NA,NA,65,35,9,"T3",1,0,1,0,0,0
13,"ghobmd5w","SUB12","P2",13,50,1,50,50,NA,NA,NA,NA,50,50,9,"T3",1,0,1,0,0,0
14,"qdz5djn8","SUB15","P2",14,50,1,50,50,NA,NA,NA,NA,50,50,9,"T3",1,0,1,0,0,0
16,"8jqp9j4g","SUB18","P2",16,40,1,60,40,NA,NA,NA,NA,60,40,9,"T3",1,0,1,0,0,0
19,"qjoebw3l","SUB21","P2",19,40,1,60,40,NA,NA,NA,NA,60,40,9,"T3",1,0,1,0,0,0
20,"q4jqgxsk","SUB24","P1",20,50,1,50,50,NA,NA,NA,NA,50,50,9,"T3",1,0,1,0,0,0
21,"74dlajfd","SUB22","P1",21,50,1,50,50,NA,NA,NA,NA,50,50,9,"T3",1,0,1,0,0,0
22,"1pbdj537","SUB20","P1",22,44,1,56,44,NA,NA,NA,NA,56,44,9,"T3",1,0,1,0,0,0
23,"7mv0ktln","SUB23","P2",23,50,1,50,50,NA,NA,NA,NA,50,50,9,"T3",1,0,1,0,0,0
24,"49ru8nb0","SUB26","P1",24,51,1,49,51,NA,NA,NA,NA,49,51,9,"T3",1,0,1,0,0,0
26,"1zh5s3po","SUB25","P2",26,30,1,70,30,NA,NA,NA,NA,70,30,9,"T3",1,0,1,0,0,0
2,"jqjfk2ez","SUB02","P2",2,40,1,60,40,NA,NA,NA,NA,60,40,10,"T3",1,0,1,0,0,0
3,"imt9yc21","SUB03","P2",3,30,1,70,30,NA,NA,NA,NA,70,30,10,"T3",1,0,1,0,0,0
4,"u9s293b2","SUB04","P2",4,30,1,70,30,NA,NA,NA,NA,70,30,10,"T3",1,0,1,0,0,0
5,"nh7aajh2","SUB08","P2",5,50,1,50,50,NA,NA,NA,NA,50,50,10,"T3",1,0,1,0,0,0
6,"tp33s34j","SUB07","P2",6,40,1,60,40,NA,NA,NA,NA,60,40,10,"T3",1,0,1,0,0,0
8,"8xbs4gco","SUB05","P2",8,30,1,70,30,NA,NA,NA,NA,70,30,10,"T3",1,0,1,0,0,0
9,"a5d0lckm","SUB10","P2",9,30,1,70,30,NA,NA,NA,NA,70,30,10,"T3",1,0,1,0,0,0
10,"ic7texjb","SUB11","P1",10,50,1,50,50,NA,NA,NA,NA,50,50,10,"T3",1,0,1,0,0,0
12,"ptghbnc9","SUB14","P1",12,51,1,49,51,NA,NA,NA,NA,49,51,10,"T3",1,0,1,0,0,0
13,"ghobmd5w","SUB12","P1",13,50,1,50,50,NA,NA,NA,NA,50,50,10,"T3",1,0,1,0,0,0
14,"qdz5djn8","SUB15","P2",14,50,1,50,50,NA,NA,NA,NA,50,50,10,"T3",1,0,1,0,0,0
16,"8jqp9j4g","SUB18","P2",16,40,1,60,40,NA,NA,NA,NA,60,40,10,"T3",1,0,1,0,0,0
17,"zkx8in1a","SUB16","P2",17,40,1,60,40,NA,NA,NA,NA,60,40,10,"T3",1,0,1,0,0,0
18,"62mpqbrr","SUB19","P2",18,40,1,60,40,NA,NA,NA,NA,60,40,10,"T3",1,0,1,0,0,0
24,"49ru8nb0","SUB26","P1",24,51,1,49,51,NA,NA,NA,NA,49,51,10,"T3",1,0,1,0,0,0
26,"1zh5s3po","SUB25","P1",26,60,1,40,60,NA,NA,NA,NA,40,60,10,"T3",1,0,1,0,0,0
4,"u9s293b2","SUB04","P1",4,30,2,55,45,30,70,NA,NA,18,28,1,"T3",1,0,0,1,0,0
18,"62mpqbrr","SUB19","P2",18,40,2,65,35,40,60,NA,NA,24,24,1,"T3",1,0,0,1,0,0
20,"q4jqgxsk","SUB24","P1",20,60,2,90,10,60,40,NA,NA,36,16,1,"T3",1,0,0,1,0,0
21,"74dlajfd","SUB22","P1",21,36,2,60,40,36,64,NA,NA,21.6,25.6,1,"T3",1,0,0,1,0,0
25,"n1afhoo5","SUB27","P1",25,36,2,51,49,36,64,NA,NA,21.6,25.6,1,"T3",1,0,0,1,0,0
5,"nh7aajh2","SUB08","P1",5,42,2,50,50,42,58,NA,NA,25.2,23.2,2,"T3",1,0,0,1,0,0
9,"a5d0lckm","SUB10","P1",9,36,2,45,55,36,64,NA,NA,21.6,25.6,2,"T3",1,0,0,1,0,0
20,"q4jqgxsk","SUB24","P1",20,40,2,80,20,40,60,NA,NA,24,24,2,"T3",1,0,0,1,0,0
23,"7mv0ktln","SUB23","P2",23,30,2,60,40,30,70,NA,NA,18,28,2,"T3",1,0,0,1,0,0
6,"tp33s34j","SUB07","P1",6,42,2,65,35,42,58,NA,NA,25.2,23.2,3,"T3",1,0,0,1,0,0
8,"8xbs4gco","SUB05","P1",8,25,2,69,31,25,75,NA,NA,15,30,3,"T3",1,0,0,1,0,0
8,"8xbs4gco","SUB05","P1",8,24,2,65,35,24,76,NA,NA,14.4,30.4,4,"T3",1,0,0,1,0,0
11,"1jdjqddd","SUB13","P1",11,28,2,55,45,28,72,NA,NA,16.8,28.8,4,"T3",1,0,0,1,0,0
8,"8xbs4gco","SUB05","P1",8,36,2,60,40,36,64,NA,NA,21.6,25.6,5,"T3",1,0,0,1,0,0
14,"qdz5djn8","SUB15","P2",14,35,2,60,40,35,65,NA,NA,21,26,5,"T3",1,0,0,1,0,0
17,"zkx8in1a","SUB16","P1",17,35,2,59,41,35,65,NA,NA,21,26,5,"T3",1,0,0,1,0,0
24,"49ru8nb0","SUB26","P1",24,45,2,50,50,45,55,NA,NA,27,22,6,"T3",1,0,0,1,0,0
1,"03lvt6vi","SUB01","P1",1,33,2,60,40,33,67,NA,NA,19.8,26.8,7,"T3",1,0,0,1,0,0
8,"8xbs4gco","SUB05","P1",8,29,2,59,41,29,71,NA,NA,17.4,28.4,7,"T3",1,0,0,1,0,0
14,"qdz5djn8","SUB15","P2",14,25,2,60,40,25,75,NA,NA,15,30,7,"T3",1,0,0,1,0,0
3,"imt9yc21","SUB03","P1",3,45,2,65,35,45,55,NA,NA,27,22,8,"T3",1,0,0,1,0,0
5,"nh7aajh2","SUB08","P1",5,30,2,49,51,30,70,NA,NA,18,28,8,"T3",1,0,0,1,0,0
8,"8xbs4gco","SUB05","P2",8,64,2,80,20,64,36,NA,NA,38.4,14.4,8,"T3",1,0,0,1,0,0
10,"ic7texjb","SUB11","P1",10,36,2,60,40,36,64,NA,NA,21.6,25.6,8,"T3",1,0,0,1,0,0
19,"qjoebw3l","SUB21","P1",19,36,2,63,37,36,64,NA,NA,21.6,25.6,8,"T3",1,0,0,1,0,0
22,"1pbdj537","SUB20","P2",22,42,2,65,35,42,58,NA,NA,25.2,23.2,8,"T3",1,0,0,1,0,0
6,"tp33s34j","SUB07","P1",6,43,2,50,50,43,57,NA,NA,25.8,22.8,9,"T3",1,0,0,1,0,0
17,"zkx8in1a","SUB16","P1",17,36,2,55,45,36,64,NA,NA,21.6,25.6,9,"T3",1,0,0,1,0,0
11,"1jdjqddd","SUB13","P1",11,36,2,50,50,36,64,NA,NA,21.6,25.6,10,"T3",1,0,0,1,0,0
21,"74dlajfd","SUB22","P1",21,42,2,50,50,42,58,NA,NA,25.2,23.2,10,"T3",1,0,0,1,0,0
1,"03lvt6vi","SUB01","P1",1,10,3,65,35,24,76,90,10,32.4,1.6,1,"T3",1,0,0,0,1,0
9,"a5d0lckm","SUB10","P1",9,50,3,50,50,24,76,50,50,18,8,1,"T3",1,0,0,0,1,0
13,"ghobmd5w","SUB12","P1",13,40,3,70,30,24,76,60,40,21.6,6.4,1,"T3",1,0,0,0,1,0
22,"1pbdj537","SUB20","P1",22,45,3,65,35,24,76,55,45,19.8,7.2,1,"T3",1,0,0,0,1,0
2,"jqjfk2ez","SUB02","P1",2,20,3,70,30,24,76,80,20,28.8,3.2,2,"T3",1,0,0,0,1,0
11,"1jdjqddd","SUB13","P2",11,35,3,80,20,40,60,65,35,23.4,5.6,2,"T3",1,0,0,0,1,0
13,"ghobmd5w","SUB12","P1",13,45,3,60,40,21,79,55,45,19.8,7.2,2,"T3",1,0,0,0,1,0
14,"qdz5djn8","SUB15","P1",14,20,3,60,40,36,64,80,20,28.8,3.2,2,"T3",1,0,0,0,1,0
17,"zkx8in1a","SUB16","P1",17,1,3,60,40,36,64,99,1,35.64,0.16,2,"T3",1,0,0,0,1,0
22,"1pbdj537","SUB20","P1",22,40,3,70,30,24,76,60,40,21.6,6.4,2,"T3",1,0,0,0,1,0
7,"7wdmb5sf","SUB09","P1",7,20,3,60,40,20,80,80,20,28.8,3.2,3,"T3",1,0,0,0,1,0
12,"ptghbnc9","SUB14","P1",12,55,3,53,47,27,73,45,55,16.2,8.8,3,"T3",1,0,0,0,1,0
17,"zkx8in1a","SUB16","P1",17,1,3,60,40,24,76,99,1,35.64,0.16,3,"T3",1,0,0,0,1,0
18,"62mpqbrr","SUB19","P1",18,45,3,55,45,28,72,55,45,19.8,7.2,3,"T3",1,0,0,0,1,0
24,"49ru8nb0","SUB26","P2",24,17,3,70,30,10,90,83,17,29.88,2.72,3,"T3",1,0,0,0,1,0
26,"1zh5s3po","SUB25","P1",26,10,3,55,45,30,70,90,10,32.4,1.6,3,"T3",1,0,0,0,1,0
6,"tp33s34j","SUB07","P1",6,20,3,55,45,21,79,80,20,28.8,3.2,4,"T3",1,0,0,0,1,0
14,"qdz5djn8","SUB15","P1",14,15,3,70,30,24,76,85,15,30.6,2.4,4,"T3",1,0,0,0,1,0
26,"1zh5s3po","SUB25","P2",26,42,3,75,25,50,50,58,42,20.88,6.72,4,"T3",1,0,0,0,1,0
2,"jqjfk2ez","SUB02","P2",2,22,3,75,25,20,80,78,22,28.08,3.52,5,"T3",1,0,0,0,1,0
23,"7mv0ktln","SUB23","P1",23,30,3,80,20,27,73,70,30,25.2,4.8,5,"T3",1,0,0,0,1,0
2,"jqjfk2ez","SUB02","P1",2,30,3,65,35,24,76,70,30,25.2,4.8,6,"T3",1,0,0,0,1,0
6,"tp33s34j","SUB07","P2",6,37,3,90,10,20,80,63,37,22.68,5.92,6,"T3",1,0,0,0,1,0
7,"7wdmb5sf","SUB09","P1",7,15,3,56,44,20,80,85,15,30.6,2.4,6,"T3",1,0,0,0,1,0
12,"ptghbnc9","SUB14","P2",12,39,3,70,30,42,58,61,39,21.96,6.24,6,"T3",1,0,0,0,1,0
15,"h9ymerbf","SUB17","P2",15,44,3,70,30,40,60,56,44,20.16,7.04,6,"T3",1,0,0,0,1,0
17,"zkx8in1a","SUB16","P1",17,1,3,59,41,24,76,99,1,35.64,0.16,6,"T3",1,0,0,0,1,0
18,"62mpqbrr","SUB19","P1",18,20,3,65,35,32,68,80,20,28.8,3.2,6,"T3",1,0,0,0,1,0
13,"ghobmd5w","SUB12","P2",13,42,3,70,30,45,55,58,42,20.88,6.72,7,"T3",1,0,0,0,1,0
18,"62mpqbrr","SUB19","P1",18,15,3,65,35,27,73,85,15,30.6,2.4,7,"T3",1,0,0,0,1,0
7,"7wdmb5sf","SUB09","P1",7,7,3,55,45,40,60,93,7,33.48,1.12,8,"T3",1,0,0,0,1,0
2,"jqjfk2ez","SUB02","P1",2,20,3,60,40,36,64,80,20,28.8,3.2,9,"T3",1,0,0,0,1,0
15,"h9ymerbf","SUB17","P1",15,20,3,59,41,26,74,80,20,28.8,3.2,9,"T3",1,0,0,0,1,0
25,"n1afhoo5","SUB27","P2",25,40,3,70,30,35,65,60,40,21.6,6.4,9,"T3",1,0,0,0,1,0
1,"03lvt6vi","SUB01","P1",1,20,3,60,40,24,76,80,20,28.8,3.2,10,"T3",1,0,0,0,1,0
7,"7wdmb5sf","SUB09","P1",7,7,3,54,46,36,64,93,7,33.48,1.12,10,"T3",1,0,0,0,1,0
15,"h9ymerbf","SUB17","P1",15,20,3,60,40,30,70,80,20,28.8,3.2,10,"T3",1,0,0,0,1,0
19,"qjoebw3l","SUB21","P2",19,23,3,70,30,30,70,77,23,27.72,3.68,10,"T3",1,0,0,0,1,0
22,"1pbdj537","SUB20","P1",22,50,3,56,44,28,72,50,50,18,8,10,"T3",1,0,0,0,1,0
25,"n1afhoo5","SUB27","P1",25,60,3,60,40,20,80,40,60,14.4,9.6,10,"T3",1,0,0,0,1,0
6,"tp33s34j","SUB07","P1",6,0,4,65,35,20,80,100,0,0,0,1,"T3",1,0,0,0,0,1
22,"1pbdj537","SUB20","P1",22,40,4,58,42,30,70,60,40,0,0,3,"T3",1,0,0,0,0,1
17,"zkx8in1a","SUB16","P2",17,43,4,70,30,1,99,57,43,0,0,4,"T3",1,0,0,0,0,1
3,"imt9yc21","SUB03","P1",3,20,4,75,25,36,64,80,20,0,0,5,"T3",1,0,0,0,0,1
21,"74dlajfd","SUB22","P1",21,20,4,55,45,24,76,80,20,0,0,5,"T3",1,0,0,0,0,1
4,"u9s293b2","SUB04","P2",4,34,4,75,25,30,70,66,34,0,0,6,"T3",1,0,0,0,0,1
23,"7mv0ktln","SUB23","P1",23,30,4,75,25,24,76,70,30,0,0,6,"T3",1,0,0,0,0,1
23,"7mv0ktln","SUB23","P2",23,12,4,60,40,20,80,88,12,0,0,7,"T3",1,0,0,0,0,1
26,"1zh5s3po","SUB25","P1",26,5,4,50,50,36,64,95,5,0,0,8,"T3",1,0,0,0,0,1
18,"62mpqbrr","SUB19","P2",18,35,4,75,25,45,55,65,35,0,0,9,"T3",1,0,0,0,0,1
20,"q4jqgxsk","SUB24","P1",20,50,4,50,50,33,67,50,50,0,0,10,"T3",1,0,0,0,0,1
23,"7mv0ktln","SUB23","P2",23,20,4,70,30,30,70,80,20,0,0,10,"T3",1,0,0,0,0,1
